⚡ <b>JARVIS MORNING BRIEF — Vendredi 22 mai</b>

🔴 <b>Hier : 38/100 — FAIBLE</b>
  DMs 0/2 | Gym ✓ | Fajr ✗ | Deep work 2h | No PMO ✗

🚨 <b>POINTS CRITIQUES</b>
  ☾ Fajr raté hier — c'est la base. Couche-toi avant 23h ce soir.
  💬 0 DMs hier — l'outreach n'a pas été fait. C'est la priorité #1 ce matin.
  📱 3h59 de réseaux hier — laisse ton téléphone jusqu'à 18h.
  🍔 Goyslop hier — discipline absolue aujourd'hui.

🎯 <b>PRIORITÉS AUJOURD'HUI</b>
  1. 2 DMs outreach de qualité — ciblés, personnalisés, à fort levier.
  2. Bloc deep work 3h minimum — ferme les notifs, pas de réseaux avant 18h.
  3. Delivery Didier — avance sur la vidéo pre-call ou les stories cette semaine.

📞 <b>RELANCES AUJOURD'HUI</b>
  → Dayyan (call_scheduled) — Call Google Meet lundi 25 mai — 20h KL / 14h France

⚡ Streak No PMO : 0 — aujourd'hui ça recommence.


😴 <b>Question sommeil :</b> À quelle heure t'es couché hier soir ?
(Réponds directement ici, ex: "2h30")

— JARVIS

--- Sending to Telegram ---
{"ok":true,"result":{"message_id":649,"from":{"id":8997450587,"is_bot":true,"first_name":"Jarvis","username":"shayan_claude_bot"},"chat":{"id":5351269136,"first_name":"Drkflow","username":"drkfloww","type":"private"},"date":1779409804,"text":"\u26a1 JARVIS MORNING BRIEF \u2014 Vendredi 22 mai\n\n\ud83d\udd34 Hier : 38/100 \u2014 FAIBLE\n  DMs 0/2 | Gym \u2713 | Fajr \u2717 | Deep work 2h | No PMO \u2717\n\n\ud83d\udea8 POINTS CRITIQUES\n  \u263e Fajr rat\u00e9 hier \u2014 c'est la base. Couche-toi avant 23h ce soir.\n  \ud83d\udcac 0 DMs hier \u2014 l'outreach n'a pas \u00e9t\u00e9 fait. C'est la priorit\u00e9 #1 ce matin.\n  \ud83d\udcf1 3h59 de r\u00e9seaux hier \u2014 laisse ton t\u00e9l\u00e9phone jusqu'\u00e0 18h.\n  \ud83c\udf54 Goyslop hier \u2014 discipline absolue aujourd'hui.\n\n\ud83c\udfaf PRIORIT\u00c9S AUJOURD'HUI\n  1. 2 DMs outreach de qualit\u00e9 \u2014 cibl\u00e9s, personnalis\u00e9s, \u00e0 fort levier.\n  2. Bloc deep work 3h minimum \u2014 ferme les notifs, pas de r\u00e9seaux avant 18h.\n  3. Delivery Didier \u2014 avance sur la vid\u00e9o pre-call ou les stories cette semaine.\n\n\ud83d\udcde RELANCES AUJOURD'HUI\n  \u2192 Dayyan (call_scheduled) \u2014 Call Google Meet lundi 25 mai \u2014 20h KL / 14h France\n\n\u26a1 Streak No PMO : 0 \u2014 aujourd'hui \u00e7a recommence.\n\n\n\ud83d\ude34 Question sommeil : \u00c0 quelle heure t'es couch\u00e9 hier soir ?\n(R\u00e9ponds directement ici, ex: \"2h30\")\n\n\u2014 JARVIS","entities":[{"offset":2,"length":38,"type":"bold"},{"offset":45,"length":22,"type":"bold"},{"offset":125,"length":16,"type":"bold"},{"offset":404,"length":21,"type":"bold"},{"offset":660,"length":20,"type":"bold"},{"offset":818,"length":18,"type":"bold"}]}}
⚡ <b>JARVIS MORNING BRIEF — Samedi 23 mai</b>

🔴 <b>Hier : 19/100 — FAIBLE</b>
  DMs 0/2 | Gym ✓ | Fajr ✗ | Deep work 0h | No PMO ✓

🚨 <b>POINTS CRITIQUES</b>
  ☾ Fajr raté hier — c'est la base. Couche-toi avant 23h ce soir.
  💬 0 DMs hier — l'outreach n'a pas été fait. C'est la priorité #1 ce matin.
  📱 2h59 de réseaux hier — laisse ton téléphone jusqu'à 18h.
  🍔 Goyslop hier — discipline absolue aujourd'hui.

🎯 <b>PRIORITÉS AUJOURD'HUI</b>
  1. 2 DMs outreach de qualité — ciblés, personnalisés, à fort levier.
  2. Bloc deep work 3h minimum — ferme les notifs, pas de réseaux avant 18h.
  3. Delivery Didier — avance sur la vidéo pre-call ou les stories cette semaine.

📞 <b>RELANCES AUJOURD'HUI</b>
  → Dayyan (call_scheduled) — Call Google Meet lundi 25 mai — 20h KL / 14h France

🔥 <b>Streak No PMO : 1 jour</b> — protège-le.


😴 <b>Question sommeil :</b> À quelle heure t'es couché hier soir ?
(Réponds directement ici, ex: "2h30")

— JARVIS

--- Sending to Telegram ---
{"ok":true,"result":{"message_id":726,"from":{"id":8997450587,"is_bot":true,"first_name":"Jarvis","username":"shayan_claude_bot"},"chat":{"id":5351269136,"first_name":"Drkflow","username":"drkfloww","type":"private"},"date":1779496204,"text":"\u26a1 JARVIS MORNING BRIEF \u2014 Samedi 23 mai\n\n\ud83d\udd34 Hier : 19/100 \u2014 FAIBLE\n  DMs 0/2 | Gym \u2713 | Fajr \u2717 | Deep work 0h | No PMO \u2713\n\n\ud83d\udea8 POINTS CRITIQUES\n  \u263e Fajr rat\u00e9 hier \u2014 c'est la base. Couche-toi avant 23h ce soir.\n  \ud83d\udcac 0 DMs hier \u2014 l'outreach n'a pas \u00e9t\u00e9 fait. C'est la priorit\u00e9 #1 ce matin.\n  \ud83d\udcf1 2h59 de r\u00e9seaux hier \u2014 laisse ton t\u00e9l\u00e9phone jusqu'\u00e0 18h.\n  \ud83c\udf54 Goyslop hier \u2014 discipline absolue aujourd'hui.\n\n\ud83c\udfaf PRIORIT\u00c9S AUJOURD'HUI\n  1. 2 DMs outreach de qualit\u00e9 \u2014 cibl\u00e9s, personnalis\u00e9s, \u00e0 fort levier.\n  2. Bloc deep work 3h minimum \u2014 ferme les notifs, pas de r\u00e9seaux avant 18h.\n  3. Delivery Didier \u2014 avance sur la vid\u00e9o pre-call ou les stories cette semaine.\n\n\ud83d\udcde RELANCES AUJOURD'HUI\n  \u2192 Dayyan (call_scheduled) \u2014 Call Google Meet lundi 25 mai \u2014 20h KL / 14h France\n\n\ud83d\udd25 Streak No PMO : 1 jour \u2014 prot\u00e8ge-le.\n\n\n\ud83d\ude34 Question sommeil : \u00c0 quelle heure t'es couch\u00e9 hier soir ?\n(R\u00e9ponds directement ici, ex: \"2h30\")\n\n\u2014 JARVIS","entities":[{"offset":2,"length":36,"type":"bold"},{"offset":43,"length":22,"type":"bold"},{"offset":123,"length":16,"type":"bold"},{"offset":402,"length":21,"type":"bold"},{"offset":658,"length":20,"type":"bold"},{"offset":765,"length":22,"type":"bold"},{"offset":807,"length":18,"type":"bold"}]}}
⚡ <b>JARVIS MORNING BRIEF — Dimanche 24 mai</b>

🔴 <b>Hier : 9/100 — FAIBLE</b>
  DMs 0/2 | Gym ✗ | Fajr ✗ | Deep work 0h | No PMO ✓

🚨 <b>POINTS CRITIQUES</b>
  ☾ Fajr raté hier — c'est la base. Couche-toi avant 23h ce soir.
  💬 0 DMs hier — l'outreach n'a pas été fait. C'est la priorité #1 ce matin.
  📱 3h37 de réseaux hier — laisse ton téléphone jusqu'à 18h.
  🍔 Goyslop hier — discipline absolue aujourd'hui.

🎯 <b>PRIORITÉS AUJOURD'HUI</b>
  1. 2 DMs outreach de qualité — ciblés, personnalisés, à fort levier.
  2. Bloc deep work 3h minimum — ferme les notifs, pas de réseaux avant 18h.
  3. Delivery Didier — avance sur la vidéo pre-call ou les stories cette semaine.

📞 <b>RELANCES AUJOURD'HUI</b>
  → Dayyan (call_scheduled) — Call Google Meet lundi 25 mai — 20h KL / 14h France

🔥 <b>Streak No PMO : 2 jours</b> — protège-le.


😴 <b>Question sommeil :</b> À quelle heure t'es couché hier soir ?
(Réponds directement ici, ex: "2h30")

— JARVIS

--- Sending to Telegram ---
{"ok":true,"result":{"message_id":1023,"from":{"id":8997450587,"is_bot":true,"first_name":"Jarvis","username":"shayan_claude_bot"},"chat":{"id":5351269136,"first_name":"Drkflow","username":"drkfloww","type":"private"},"date":1779582604,"text":"\u26a1 JARVIS MORNING BRIEF \u2014 Dimanche 24 mai\n\n\ud83d\udd34 Hier : 9/100 \u2014 FAIBLE\n  DMs 0/2 | Gym \u2717 | Fajr \u2717 | Deep work 0h | No PMO \u2713\n\n\ud83d\udea8 POINTS CRITIQUES\n  \u263e Fajr rat\u00e9 hier \u2014 c'est la base. Couche-toi avant 23h ce soir.\n  \ud83d\udcac 0 DMs hier \u2014 l'outreach n'a pas \u00e9t\u00e9 fait. C'est la priorit\u00e9 #1 ce matin.\n  \ud83d\udcf1 3h37 de r\u00e9seaux hier \u2014 laisse ton t\u00e9l\u00e9phone jusqu'\u00e0 18h.\n  \ud83c\udf54 Goyslop hier \u2014 discipline absolue aujourd'hui.\n\n\ud83c\udfaf PRIORIT\u00c9S AUJOURD'HUI\n  1. 2 DMs outreach de qualit\u00e9 \u2014 cibl\u00e9s, personnalis\u00e9s, \u00e0 fort levier.\n  2. Bloc deep work 3h minimum \u2014 ferme les notifs, pas de r\u00e9seaux avant 18h.\n  3. Delivery Didier \u2014 avance sur la vid\u00e9o pre-call ou les stories cette semaine.\n\n\ud83d\udcde RELANCES AUJOURD'HUI\n  \u2192 Dayyan (call_scheduled) \u2014 Call Google Meet lundi 25 mai \u2014 20h KL / 14h France\n\n\ud83d\udd25 Streak No PMO : 2 jours \u2014 prot\u00e8ge-le.\n\n\n\ud83d\ude34 Question sommeil : \u00c0 quelle heure t'es couch\u00e9 hier soir ?\n(R\u00e9ponds directement ici, ex: \"2h30\")\n\n\u2014 JARVIS","entities":[{"offset":2,"length":38,"type":"bold"},{"offset":45,"length":21,"type":"bold"},{"offset":124,"length":16,"type":"bold"},{"offset":403,"length":21,"type":"bold"},{"offset":659,"length":20,"type":"bold"},{"offset":766,"length":23,"type":"bold"},{"offset":809,"length":18,"type":"bold"}]}}
⚡ <b>JARVIS MORNING BRIEF — Lundi 25 mai</b>

🔴 <b>Hier : 30/100 — FAIBLE</b>
  DMs 0/2 | Gym ✓ | Fajr ✗ | Deep work 1.0h | No PMO ✓

🚨 <b>POINTS CRITIQUES</b>
  ☾ Fajr raté hier — c'est la base. Couche-toi avant 23h ce soir.
  💬 0 DMs hier — l'outreach n'a pas été fait. C'est la priorité #1 ce matin.
  📱 3h20 de réseaux hier — laisse ton téléphone jusqu'à 18h.

🎯 <b>PRIORITÉS AUJOURD'HUI</b>
  1. 2 DMs outreach de qualité — ciblés, personnalisés, à fort levier.
  2. Bloc deep work 3h minimum — ferme les notifs, pas de réseaux avant 18h.
  3. Delivery Didier — avance sur la vidéo pre-call ou les stories cette semaine.

📞 <b>RELANCES AUJOURD'HUI</b>
  → Dayyan (call_scheduled) — Call Google Meet lundi 25 mai — 20h KL / 14h France

🔥 <b>Streak No PMO : 3 jours</b> — protège-le.


😴 <b>Question sommeil :</b> À quelle heure t'es couché hier soir ?
(Réponds directement ici, ex: "2h30")

— JARVIS

--- Sending to Telegram ---
{"ok":true,"result":{"message_id":1120,"from":{"id":8997450587,"is_bot":true,"first_name":"Jarvis","username":"shayan_claude_bot"},"chat":{"id":5351269136,"first_name":"Drkflow","username":"drkfloww","type":"private"},"date":1779669001,"text":"\u26a1 JARVIS MORNING BRIEF \u2014 Lundi 25 mai\n\n\ud83d\udd34 Hier : 30/100 \u2014 FAIBLE\n  DMs 0/2 | Gym \u2713 | Fajr \u2717 | Deep work 1.0h | No PMO \u2713\n\n\ud83d\udea8 POINTS CRITIQUES\n  \u263e Fajr rat\u00e9 hier \u2014 c'est la base. Couche-toi avant 23h ce soir.\n  \ud83d\udcac 0 DMs hier \u2014 l'outreach n'a pas \u00e9t\u00e9 fait. C'est la priorit\u00e9 #1 ce matin.\n  \ud83d\udcf1 3h20 de r\u00e9seaux hier \u2014 laisse ton t\u00e9l\u00e9phone jusqu'\u00e0 18h.\n\n\ud83c\udfaf PRIORIT\u00c9S AUJOURD'HUI\n  1. 2 DMs outreach de qualit\u00e9 \u2014 cibl\u00e9s, personnalis\u00e9s, \u00e0 fort levier.\n  2. Bloc deep work 3h minimum \u2014 ferme les notifs, pas de r\u00e9seaux avant 18h.\n  3. Delivery Didier \u2014 avance sur la vid\u00e9o pre-call ou les stories cette semaine.\n\n\ud83d\udcde RELANCES AUJOURD'HUI\n  \u2192 Dayyan (call_scheduled) \u2014 Call Google Meet lundi 25 mai \u2014 20h KL / 14h France\n\n\ud83d\udd25 Streak No PMO : 3 jours \u2014 prot\u00e8ge-le.\n\n\n\ud83d\ude34 Question sommeil : \u00c0 quelle heure t'es couch\u00e9 hier soir ?\n(R\u00e9ponds directement ici, ex: \"2h30\")\n\n\u2014 JARVIS","entities":[{"offset":2,"length":35,"type":"bold"},{"offset":42,"length":22,"type":"bold"},{"offset":124,"length":16,"type":"bold"},{"offset":351,"length":21,"type":"bold"},{"offset":607,"length":20,"type":"bold"},{"offset":714,"length":23,"type":"bold"},{"offset":757,"length":18,"type":"bold"}]}}
⚡ <b>JARVIS MORNING BRIEF — Mardi 26 mai</b>

🔴 <b>Hier : 23/100 — FAIBLE</b>
  DMs 0/2 | Gym ✗ | Fajr ✓ | Deep work 0h | No PMO ✓

🚨 <b>POINTS CRITIQUES</b>
  💬 0 DMs hier — l'outreach n'a pas été fait. C'est la priorité #1 ce matin.
  📱 5h02 de réseaux hier — laisse ton téléphone jusqu'à 18h.
  🍔 Goyslop hier — discipline absolue aujourd'hui.

🎯 <b>PRIORITÉS AUJOURD'HUI</b>
  1. 2 DMs outreach de qualité — ciblés, personnalisés, à fort levier.
  2. Bloc deep work 3h minimum — ferme les notifs, pas de réseaux avant 18h.
  3. Delivery Didier — avance sur la vidéo pre-call ou les stories cette semaine.

📞 <b>RELANCES AUJOURD'HUI</b>
  → Dayyan (call_scheduled) — Call Google Meet mardi 26 mai 20h KL / 14h France (reporté)

🔥 <b>Streak No PMO : 4 jours</b> — protège-le.

📋 <b>TÂCHES — ÉCHÉANCES PROCHES</b>
  → Acheter cadeaux famille avant retour La Réunion — Dans 3 jours (2026-05-29)


😴 <b>Question sommeil :</b> À quelle heure t'es couché hier soir ?
(Réponds directement ici, ex: "2h30")

— JARVIS

--- Sending to Telegram ---
{"ok":true,"result":{"message_id":1189,"from":{"id":8997450587,"is_bot":true,"first_name":"Jarvis","username":"shayan_claude_bot"},"chat":{"id":5351269136,"first_name":"Drkflow","username":"drkfloww","type":"private"},"date":1779755400,"text":"\u26a1 JARVIS MORNING BRIEF \u2014 Mardi 26 mai\n\n\ud83d\udd34 Hier : 23/100 \u2014 FAIBLE\n  DMs 0/2 | Gym \u2717 | Fajr \u2713 | Deep work 0h | No PMO \u2713\n\n\ud83d\udea8 POINTS CRITIQUES\n  \ud83d\udcac 0 DMs hier \u2014 l'outreach n'a pas \u00e9t\u00e9 fait. C'est la priorit\u00e9 #1 ce matin.\n  \ud83d\udcf1 5h02 de r\u00e9seaux hier \u2014 laisse ton t\u00e9l\u00e9phone jusqu'\u00e0 18h.\n  \ud83c\udf54 Goyslop hier \u2014 discipline absolue aujourd'hui.\n\n\ud83c\udfaf PRIORIT\u00c9S AUJOURD'HUI\n  1. 2 DMs outreach de qualit\u00e9 \u2014 cibl\u00e9s, personnalis\u00e9s, \u00e0 fort levier.\n  2. Bloc deep work 3h minimum \u2014 ferme les notifs, pas de r\u00e9seaux avant 18h.\n  3. Delivery Didier \u2014 avance sur la vid\u00e9o pre-call ou les stories cette semaine.\n\n\ud83d\udcde RELANCES AUJOURD'HUI\n  \u2192 Dayyan (call_scheduled) \u2014 Call Google Meet mardi 26 mai 20h KL / 14h France (report\u00e9)\n\n\ud83d\udd25 Streak No PMO : 4 jours \u2014 prot\u00e8ge-le.\n\n\ud83d\udccb T\u00c2CHES \u2014 \u00c9CH\u00c9ANCES PROCHES\n  \u2192 Acheter cadeaux famille avant retour La R\u00e9union \u2014 Dans 3 jours (2026-05-29)\n\n\n\ud83d\ude34 Question sommeil : \u00c0 quelle heure t'es couch\u00e9 hier soir ?\n(R\u00e9ponds directement ici, ex: \"2h30\")\n\n\u2014 JARVIS","entities":[{"offset":2,"length":35,"type":"bold"},{"offset":42,"length":22,"type":"bold"},{"offset":122,"length":16,"type":"bold"},{"offset":335,"length":21,"type":"bold"},{"offset":591,"length":20,"type":"bold"},{"offset":706,"length":23,"type":"bold"},{"offset":748,"length":26,"type":"bold"},{"offset":860,"length":18,"type":"bold"}]}}
⚡ <b>JARVIS MORNING BRIEF — Mercredi 27 mai</b>

🔴 <b>Hier : 39/100 — FAIBLE</b>
  DMs 0/2 | Gym ✓ | Fajr ✗ | Deep work 3h | No PMO ✓

🚨 <b>POINTS CRITIQUES</b>
  ☾ Fajr raté hier — c'est la base. Couche-toi avant 23h ce soir.
  💬 0 DMs hier — l'outreach n'a pas été fait. C'est la priorité #1 ce matin.
  📱 5h12 de réseaux hier — laisse ton téléphone jusqu'à 18h.
  🍔 Goyslop hier — discipline absolue aujourd'hui.

🎯 <b>PRIORITÉS AUJOURD'HUI</b>
  1. 2 DMs outreach de qualité — ciblés, personnalisés, à fort levier.
  2. Bloc deep work 3h minimum — ferme les notifs, pas de réseaux avant 18h.
  3. Delivery Didier — avance sur la vidéo pre-call ou les stories cette semaine.

📞 <b>RELANCES AUJOURD'HUI</b>
  → Dayyan (non_qualifie_referral) — DM Wally Invest (@wallinvest?) — référal de Dayyan, potentiel SaaS CloseGuard
  → Léni Constantin (call_scheduled) — Call présentation SaaS CloseGuard — 20h KL / 14h France

🔥 <b>Streak No PMO : 5 jours</b> — protège-le.

📋 <b>TÂCHES — ÉCHÉANCES PROCHES</b>
  → Acheter cadeaux famille avant retour La Réunion — Dans 2 jours (2026-05-29)


😴 <b>Question sommeil :</b> À quelle heure t'es couché hier soir ?
(Réponds directement ici, ex: "2h30")

— JARVIS

--- Sending to Telegram ---
{"ok":true,"result":{"message_id":1273,"from":{"id":8997450587,"is_bot":true,"first_name":"Jarvis","username":"shayan_claude_bot"},"chat":{"id":5351269136,"first_name":"Drkflow","username":"drkfloww","type":"private"},"date":1779841803,"text":"\u26a1 JARVIS MORNING BRIEF \u2014 Mercredi 27 mai\n\n\ud83d\udd34 Hier : 39/100 \u2014 FAIBLE\n  DMs 0/2 | Gym \u2713 | Fajr \u2717 | Deep work 3h | No PMO \u2713\n\n\ud83d\udea8 POINTS CRITIQUES\n  \u263e Fajr rat\u00e9 hier \u2014 c'est la base. Couche-toi avant 23h ce soir.\n  \ud83d\udcac 0 DMs hier \u2014 l'outreach n'a pas \u00e9t\u00e9 fait. C'est la priorit\u00e9 #1 ce matin.\n  \ud83d\udcf1 5h12 de r\u00e9seaux hier \u2014 laisse ton t\u00e9l\u00e9phone jusqu'\u00e0 18h.\n  \ud83c\udf54 Goyslop hier \u2014 discipline absolue aujourd'hui.\n\n\ud83c\udfaf PRIORIT\u00c9S AUJOURD'HUI\n  1. 2 DMs outreach de qualit\u00e9 \u2014 cibl\u00e9s, personnalis\u00e9s, \u00e0 fort levier.\n  2. Bloc deep work 3h minimum \u2014 ferme les notifs, pas de r\u00e9seaux avant 18h.\n  3. Delivery Didier \u2014 avance sur la vid\u00e9o pre-call ou les stories cette semaine.\n\n\ud83d\udcde RELANCES AUJOURD'HUI\n  \u2192 Dayyan (non_qualifie_referral) \u2014 DM Wally Invest (@wallinvest?) \u2014 r\u00e9f\u00e9ral de Dayyan, potentiel SaaS CloseGuard\n  \u2192 L\u00e9ni Constantin (call_scheduled) \u2014 Call pr\u00e9sentation SaaS CloseGuard \u2014 20h KL / 14h France\n\n\ud83d\udd25 Streak No PMO : 5 jours \u2014 prot\u00e8ge-le.\n\n\ud83d\udccb T\u00c2CHES \u2014 \u00c9CH\u00c9ANCES PROCHES\n  \u2192 Acheter cadeaux famille avant retour La R\u00e9union \u2014 Dans 2 jours (2026-05-29)\n\n\n\ud83d\ude34 Question sommeil : \u00c0 quelle heure t'es couch\u00e9 hier soir ?\n(R\u00e9ponds directement ici, ex: \"2h30\")\n\n\u2014 JARVIS","entities":[{"offset":2,"length":38,"type":"bold"},{"offset":45,"length":22,"type":"bold"},{"offset":125,"length":16,"type":"bold"},{"offset":404,"length":21,"type":"bold"},{"offset":660,"length":20,"type":"bold"},{"offset":735,"length":11,"type":"mention"},{"offset":895,"length":23,"type":"bold"},{"offset":937,"length":26,"type":"bold"},{"offset":1049,"length":18,"type":"bold"}]}}
⚡ <b>JARVIS MORNING BRIEF — Jeudi 28 mai</b>

🔴 <b>Hier : 26/100 — FAIBLE</b>
  DMs 0/2 | Gym ✓ | Fajr ✗ | Deep work 0h | No PMO ✓

🚨 <b>POINTS CRITIQUES</b>
  ☾ Fajr raté hier — c'est la base. Couche-toi avant 23h ce soir.
  💬 0 DMs hier — l'outreach n'a pas été fait. C'est la priorité #1 ce matin.
  📱 6h09 de réseaux hier — laisse ton téléphone jusqu'à 18h.
  🍔 Goyslop hier — discipline absolue aujourd'hui.

🎯 <b>PRIORITÉS AUJOURD'HUI</b>
  1. 2 DMs outreach de qualité — ciblés, personnalisés, à fort levier.
  2. Bloc deep work 3h minimum — ferme les notifs, pas de réseaux avant 18h.
  3. Delivery Didier — avance sur la vidéo pre-call ou les stories cette semaine.

📞 <b>RELANCES AUJOURD'HUI</b>
  → Dayyan (non_qualifie_referral) — DM Wally Invest (@wallinvest?) — référal de Dayyan, potentiel SaaS CloseGuard

🔥 <b>Streak No PMO : 6 jours</b> — protège-le.

📋 <b>TÂCHES — ÉCHÉANCES PROCHES</b>
  → Acheter cadeaux famille avant retour La Réunion — Demain


😴 <b>Question sommeil :</b> À quelle heure t'es couché hier soir ?
(Réponds directement ici, ex: "2h30")

— JARVIS

--- Sending to Telegram ---
{"ok":true,"result":{"message_id":1331,"from":{"id":8997450587,"is_bot":true,"first_name":"Jarvis","username":"shayan_claude_bot"},"chat":{"id":5351269136,"first_name":"Drkflow","username":"drkfloww","type":"private"},"date":1779928202,"text":"\u26a1 JARVIS MORNING BRIEF \u2014 Jeudi 28 mai\n\n\ud83d\udd34 Hier : 26/100 \u2014 FAIBLE\n  DMs 0/2 | Gym \u2713 | Fajr \u2717 | Deep work 0h | No PMO \u2713\n\n\ud83d\udea8 POINTS CRITIQUES\n  \u263e Fajr rat\u00e9 hier \u2014 c'est la base. Couche-toi avant 23h ce soir.\n  \ud83d\udcac 0 DMs hier \u2014 l'outreach n'a pas \u00e9t\u00e9 fait. C'est la priorit\u00e9 #1 ce matin.\n  \ud83d\udcf1 6h09 de r\u00e9seaux hier \u2014 laisse ton t\u00e9l\u00e9phone jusqu'\u00e0 18h.\n  \ud83c\udf54 Goyslop hier \u2014 discipline absolue aujourd'hui.\n\n\ud83c\udfaf PRIORIT\u00c9S AUJOURD'HUI\n  1. 2 DMs outreach de qualit\u00e9 \u2014 cibl\u00e9s, personnalis\u00e9s, \u00e0 fort levier.\n  2. Bloc deep work 3h minimum \u2014 ferme les notifs, pas de r\u00e9seaux avant 18h.\n  3. Delivery Didier \u2014 avance sur la vid\u00e9o pre-call ou les stories cette semaine.\n\n\ud83d\udcde RELANCES AUJOURD'HUI\n  \u2192 Dayyan (non_qualifie_referral) \u2014 DM Wally Invest (@wallinvest?) \u2014 r\u00e9f\u00e9ral de Dayyan, potentiel SaaS CloseGuard\n\n\ud83d\udd25 Streak No PMO : 6 jours \u2014 prot\u00e8ge-le.\n\n\ud83d\udccb T\u00c2CHES \u2014 \u00c9CH\u00c9ANCES PROCHES\n  \u2192 Acheter cadeaux famille avant retour La R\u00e9union \u2014 Demain\n\n\n\ud83d\ude34 Question sommeil : \u00c0 quelle heure t'es couch\u00e9 hier soir ?\n(R\u00e9ponds directement ici, ex: \"2h30\")\n\n\u2014 JARVIS","entities":[{"offset":2,"length":35,"type":"bold"},{"offset":42,"length":22,"type":"bold"},{"offset":122,"length":16,"type":"bold"},{"offset":401,"length":21,"type":"bold"},{"offset":657,"length":20,"type":"bold"},{"offset":732,"length":11,"type":"mention"},{"offset":797,"length":23,"type":"bold"},{"offset":839,"length":26,"type":"bold"},{"offset":932,"length":18,"type":"bold"}]}}
⚡ <b>JARVIS MORNING BRIEF — Vendredi 29 mai</b>

🔴 <b>Hier : 24/100 — FAIBLE</b>
  DMs 0/2 | Gym ✗ | Fajr ✓ | Deep work 0h | No PMO ✓

🚨 <b>POINTS CRITIQUES</b>
  💬 0 DMs hier — l'outreach n'a pas été fait. C'est la priorité #1 ce matin.
  📱 4h06 de réseaux hier — laisse ton téléphone jusqu'à 18h.
  🍔 Goyslop hier — discipline absolue aujourd'hui.

🎯 <b>PRIORITÉS AUJOURD'HUI</b>
  1. 2 DMs outreach de qualité — ciblés, personnalisés, à fort levier.
  2. Bloc deep work 3h minimum — ferme les notifs, pas de réseaux avant 18h.
  3. Delivery Didier — avance sur la vidéo pre-call ou les stories cette semaine.

📞 <b>RELANCES AUJOURD'HUI</b>
  → Dayyan (non_qualifie_referral) — DM Wally Invest (@wallinvest?) — référal de Dayyan, potentiel SaaS CloseGuard

🔥 <b>Streak No PMO : 7 jours</b> — protège-le.


😴 <b>Question sommeil :</b> À quelle heure t'es couché hier soir ?
(Réponds directement ici, ex: "2h30")

— JARVIS

--- Sending to Telegram ---
{"ok":true,"result":{"message_id":1368,"from":{"id":8997450587,"is_bot":true,"first_name":"Jarvis","username":"shayan_claude_bot"},"chat":{"id":5351269136,"first_name":"Drkflow","username":"drkfloww","type":"private"},"date":1780014606,"text":"\u26a1 JARVIS MORNING BRIEF \u2014 Vendredi 29 mai\n\n\ud83d\udd34 Hier : 24/100 \u2014 FAIBLE\n  DMs 0/2 | Gym \u2717 | Fajr \u2713 | Deep work 0h | No PMO \u2713\n\n\ud83d\udea8 POINTS CRITIQUES\n  \ud83d\udcac 0 DMs hier \u2014 l'outreach n'a pas \u00e9t\u00e9 fait. C'est la priorit\u00e9 #1 ce matin.\n  \ud83d\udcf1 4h06 de r\u00e9seaux hier \u2014 laisse ton t\u00e9l\u00e9phone jusqu'\u00e0 18h.\n  \ud83c\udf54 Goyslop hier \u2014 discipline absolue aujourd'hui.\n\n\ud83c\udfaf PRIORIT\u00c9S AUJOURD'HUI\n  1. 2 DMs outreach de qualit\u00e9 \u2014 cibl\u00e9s, personnalis\u00e9s, \u00e0 fort levier.\n  2. Bloc deep work 3h minimum \u2014 ferme les notifs, pas de r\u00e9seaux avant 18h.\n  3. Delivery Didier \u2014 avance sur la vid\u00e9o pre-call ou les stories cette semaine.\n\n\ud83d\udcde RELANCES AUJOURD'HUI\n  \u2192 Dayyan (non_qualifie_referral) \u2014 DM Wally Invest (@wallinvest?) \u2014 r\u00e9f\u00e9ral de Dayyan, potentiel SaaS CloseGuard\n\n\ud83d\udd25 Streak No PMO : 7 jours \u2014 prot\u00e8ge-le.\n\n\n\ud83d\ude34 Question sommeil : \u00c0 quelle heure t'es couch\u00e9 hier soir ?\n(R\u00e9ponds directement ici, ex: \"2h30\")\n\n\u2014 JARVIS","entities":[{"offset":2,"length":38,"type":"bold"},{"offset":45,"length":22,"type":"bold"},{"offset":125,"length":16,"type":"bold"},{"offset":338,"length":21,"type":"bold"},{"offset":594,"length":20,"type":"bold"},{"offset":669,"length":11,"type":"mention"},{"offset":734,"length":23,"type":"bold"},{"offset":777,"length":18,"type":"bold"}]}}
⚡ <b>JARVIS MORNING BRIEF — Samedi 30 mai</b>

🔴 <b>Hier : 9/100 — FAIBLE</b>
  DMs 0/2 | Gym ✓ | Fajr ✗ | Deep work 0h | No PMO ✓

🚨 <b>POINTS CRITIQUES</b>
  ☾ Fajr raté hier — c'est la base. Couche-toi avant 23h ce soir.
  💬 0 DMs hier — l'outreach n'a pas été fait. C'est la priorité #1 ce matin.
  📱 2h58 de réseaux hier — laisse ton téléphone jusqu'à 18h.
  🍔 Goyslop hier — discipline absolue aujourd'hui.

🎯 <b>PRIORITÉS AUJOURD'HUI</b>
  1. 2 DMs outreach de qualité — ciblés, personnalisés, à fort levier.
  2. Bloc deep work 3h minimum — ferme les notifs, pas de réseaux avant 18h.
  3. Delivery Didier — avance sur la vidéo pre-call ou les stories cette semaine.

📞 <b>RELANCES AUJOURD'HUI</b>
  → Dayyan (non_qualifie_referral) — DM Wally Invest (@wallinvest?) — référal de Dayyan, potentiel SaaS CloseGuard

🔥 <b>Streak No PMO : 8 jours</b> — protège-le.


😴 <b>Question sommeil :</b> À quelle heure t'es couché hier soir ?
(Réponds directement ici, ex: "2h30")

— JARVIS

--- Sending to Telegram ---
{"ok":true,"result":{"message_id":1410,"from":{"id":8997450587,"is_bot":true,"first_name":"Jarvis","username":"shayan_claude_bot"},"chat":{"id":5351269136,"first_name":"Drkflow","username":"drkfloww","type":"private"},"date":1780101002,"text":"\u26a1 JARVIS MORNING BRIEF \u2014 Samedi 30 mai\n\n\ud83d\udd34 Hier : 9/100 \u2014 FAIBLE\n  DMs 0/2 | Gym \u2713 | Fajr \u2717 | Deep work 0h | No PMO \u2713\n\n\ud83d\udea8 POINTS CRITIQUES\n  \u263e Fajr rat\u00e9 hier \u2014 c'est la base. Couche-toi avant 23h ce soir.\n  \ud83d\udcac 0 DMs hier \u2014 l'outreach n'a pas \u00e9t\u00e9 fait. C'est la priorit\u00e9 #1 ce matin.\n  \ud83d\udcf1 2h58 de r\u00e9seaux hier \u2014 laisse ton t\u00e9l\u00e9phone jusqu'\u00e0 18h.\n  \ud83c\udf54 Goyslop hier \u2014 discipline absolue aujourd'hui.\n\n\ud83c\udfaf PRIORIT\u00c9S AUJOURD'HUI\n  1. 2 DMs outreach de qualit\u00e9 \u2014 cibl\u00e9s, personnalis\u00e9s, \u00e0 fort levier.\n  2. Bloc deep work 3h minimum \u2014 ferme les notifs, pas de r\u00e9seaux avant 18h.\n  3. Delivery Didier \u2014 avance sur la vid\u00e9o pre-call ou les stories cette semaine.\n\n\ud83d\udcde RELANCES AUJOURD'HUI\n  \u2192 Dayyan (non_qualifie_referral) \u2014 DM Wally Invest (@wallinvest?) \u2014 r\u00e9f\u00e9ral de Dayyan, potentiel SaaS CloseGuard\n\n\ud83d\udd25 Streak No PMO : 8 jours \u2014 prot\u00e8ge-le.\n\n\n\ud83d\ude34 Question sommeil : \u00c0 quelle heure t'es couch\u00e9 hier soir ?\n(R\u00e9ponds directement ici, ex: \"2h30\")\n\n\u2014 JARVIS","entities":[{"offset":2,"length":36,"type":"bold"},{"offset":43,"length":21,"type":"bold"},{"offset":122,"length":16,"type":"bold"},{"offset":401,"length":21,"type":"bold"},{"offset":657,"length":20,"type":"bold"},{"offset":732,"length":11,"type":"mention"},{"offset":797,"length":23,"type":"bold"},{"offset":840,"length":18,"type":"bold"}]}}
⚡ <b>JARVIS MORNING BRIEF — Dimanche 31 mai</b>

🔴 <b>Hier : 10/100 — FAIBLE</b>
  DMs 0/2 | Gym ✗ | Fajr ✗ | Deep work 0h | No PMO ✓

🚨 <b>POINTS CRITIQUES</b>
  ☾ Fajr raté hier — c'est la base. Couche-toi avant 23h ce soir.
  💬 0 DMs hier — l'outreach n'a pas été fait. C'est la priorité #1 ce matin.
  📱 3h44 de réseaux hier — laisse ton téléphone jusqu'à 18h.
  🍔 Goyslop hier — discipline absolue aujourd'hui.

🎯 <b>PRIORITÉS AUJOURD'HUI</b>
  1. 2 DMs outreach de qualité — ciblés, personnalisés, à fort levier.
  2. Bloc deep work 3h minimum — ferme les notifs, pas de réseaux avant 18h.
  3. Delivery Didier — avance sur la vidéo pre-call ou les stories cette semaine.

📞 <b>RELANCES AUJOURD'HUI</b>
  → Dayyan (non_qualifie_referral) — DM Wally Invest (@wallinvest?) — référal de Dayyan, potentiel SaaS CloseGuard

🔥 <b>Streak No PMO : 9 jours</b> — protège-le.


😴 <b>Question sommeil :</b> À quelle heure t'es couché hier soir ?
(Réponds directement ici, ex: "2h30")

— JARVIS

--- Sending to Telegram ---
{"ok":true,"result":{"message_id":1424,"from":{"id":8997450587,"is_bot":true,"first_name":"Jarvis","username":"shayan_claude_bot"},"chat":{"id":5351269136,"first_name":"Drkflow","username":"drkfloww","type":"private"},"date":1780201806,"text":"\u26a1 JARVIS MORNING BRIEF \u2014 Dimanche 31 mai\n\n\ud83d\udd34 Hier : 10/100 \u2014 FAIBLE\n  DMs 0/2 | Gym \u2717 | Fajr \u2717 | Deep work 0h | No PMO \u2713\n\n\ud83d\udea8 POINTS CRITIQUES\n  \u263e Fajr rat\u00e9 hier \u2014 c'est la base. Couche-toi avant 23h ce soir.\n  \ud83d\udcac 0 DMs hier \u2014 l'outreach n'a pas \u00e9t\u00e9 fait. C'est la priorit\u00e9 #1 ce matin.\n  \ud83d\udcf1 3h44 de r\u00e9seaux hier \u2014 laisse ton t\u00e9l\u00e9phone jusqu'\u00e0 18h.\n  \ud83c\udf54 Goyslop hier \u2014 discipline absolue aujourd'hui.\n\n\ud83c\udfaf PRIORIT\u00c9S AUJOURD'HUI\n  1. 2 DMs outreach de qualit\u00e9 \u2014 cibl\u00e9s, personnalis\u00e9s, \u00e0 fort levier.\n  2. Bloc deep work 3h minimum \u2014 ferme les notifs, pas de r\u00e9seaux avant 18h.\n  3. Delivery Didier \u2014 avance sur la vid\u00e9o pre-call ou les stories cette semaine.\n\n\ud83d\udcde RELANCES AUJOURD'HUI\n  \u2192 Dayyan (non_qualifie_referral) \u2014 DM Wally Invest (@wallinvest?) \u2014 r\u00e9f\u00e9ral de Dayyan, potentiel SaaS CloseGuard\n\n\ud83d\udd25 Streak No PMO : 9 jours \u2014 prot\u00e8ge-le.\n\n\n\ud83d\ude34 Question sommeil : \u00c0 quelle heure t'es couch\u00e9 hier soir ?\n(R\u00e9ponds directement ici, ex: \"2h30\")\n\n\u2014 JARVIS","entities":[{"offset":2,"length":38,"type":"bold"},{"offset":45,"length":22,"type":"bold"},{"offset":125,"length":16,"type":"bold"},{"offset":404,"length":21,"type":"bold"},{"offset":660,"length":20,"type":"bold"},{"offset":735,"length":11,"type":"mention"},{"offset":800,"length":23,"type":"bold"},{"offset":843,"length":18,"type":"bold"}]}}
⚡ <b>JARVIS MORNING BRIEF — Lundi 01 juin</b>

⚪ <b>Hier : 0/100 — NON RENSEIGNÉ</b>
  DMs 0/2 | Gym ✗ | Fajr ✗ | Deep work 0h | No PMO ?

🚨 <b>POINTS CRITIQUES</b>
  💬 0 DMs hier — l'outreach n'a pas été fait. C'est la priorité #1 ce matin.

🎯 <b>PRIORITÉS AUJOURD'HUI</b>
  1. 2 DMs outreach de qualité — ciblés, personnalisés, à fort levier.
  2. Bloc deep work 3h minimum — ferme les notifs, pas de réseaux avant 18h.
  3. Delivery Didier — avance sur la vidéo pre-call ou les stories cette semaine.

📞 <b>RELANCES AUJOURD'HUI</b>
  → Dayyan (non_qualifie_referral) — DM Wally Invest (@wallinvest?) — référal de Dayyan, potentiel SaaS CloseGuard

🔥 <b>Streak No PMO : 9 jours</b> — protège-le.


😴 <b>Question sommeil :</b> À quelle heure t'es couché hier soir ?
(Réponds directement ici, ex: "2h30")

— JARVIS

--- Sending to Telegram ---
{"ok":true,"result":{"message_id":1447,"from":{"id":8997450587,"is_bot":true,"first_name":"Jarvis","username":"shayan_claude_bot"},"chat":{"id":5351269136,"first_name":"Drkflow","username":"drkfloww","type":"private"},"date":1780288206,"text":"\u26a1 JARVIS MORNING BRIEF \u2014 Lundi 01 juin\n\n\u26aa Hier : 0/100 \u2014 NON RENSEIGN\u00c9\n  DMs 0/2 | Gym \u2717 | Fajr \u2717 | Deep work 0h | No PMO ?\n\n\ud83d\udea8 POINTS CRITIQUES\n  \ud83d\udcac 0 DMs hier \u2014 l'outreach n'a pas \u00e9t\u00e9 fait. C'est la priorit\u00e9 #1 ce matin.\n\n\ud83c\udfaf PRIORIT\u00c9S AUJOURD'HUI\n  1. 2 DMs outreach de qualit\u00e9 \u2014 cibl\u00e9s, personnalis\u00e9s, \u00e0 fort levier.\n  2. Bloc deep work 3h minimum \u2014 ferme les notifs, pas de r\u00e9seaux avant 18h.\n  3. Delivery Didier \u2014 avance sur la vid\u00e9o pre-call ou les stories cette semaine.\n\n\ud83d\udcde RELANCES AUJOURD'HUI\n  \u2192 Dayyan (non_qualifie_referral) \u2014 DM Wally Invest (@wallinvest?) \u2014 r\u00e9f\u00e9ral de Dayyan, potentiel SaaS CloseGuard\n\n\ud83d\udd25 Streak No PMO : 9 jours \u2014 prot\u00e8ge-le.\n\n\n\ud83d\ude34 Question sommeil : \u00c0 quelle heure t'es couch\u00e9 hier soir ?\n(R\u00e9ponds directement ici, ex: \"2h30\")\n\n\u2014 JARVIS","entities":[{"offset":2,"length":36,"type":"bold"},{"offset":42,"length":28,"type":"bold"},{"offset":128,"length":16,"type":"bold"},{"offset":227,"length":21,"type":"bold"},{"offset":483,"length":20,"type":"bold"},{"offset":558,"length":11,"type":"mention"},{"offset":623,"length":23,"type":"bold"},{"offset":666,"length":18,"type":"bold"}]}}
⚡ <b>JARVIS MORNING BRIEF — Mardi 02 juin</b>

🔴 <b>Hier : 19/100 — FAIBLE</b>
  DMs 0/2 | Gym ✓ | Fajr ✗ | Deep work 0h | No PMO ✗

🚨 <b>POINTS CRITIQUES</b>
  ☾ Fajr raté hier — c'est la base. Couche-toi avant 23h ce soir.
  💬 0 DMs hier — l'outreach n'a pas été fait. C'est la priorité #1 ce matin.

🎯 <b>PRIORITÉS AUJOURD'HUI</b>
  1. 2 DMs outreach de qualité — ciblés, personnalisés, à fort levier.
  2. Bloc deep work 3h minimum — ferme les notifs, pas de réseaux avant 18h.
  3. Delivery Didier — avance sur la vidéo pre-call ou les stories cette semaine.

📞 <b>RELANCES AUJOURD'HUI</b>
  → Dayyan (non_qualifie_referral) — DM Wally Invest (@wallinvest?) — référal de Dayyan, potentiel SaaS CloseGuard

⚡ Streak No PMO : 0 — aujourd'hui ça recommence.

📋 <b>TÂCHES — ÉCHÉANCES PROCHES</b>
  → Faire la demande pour récupérer le permis de conduire — Dans 3 jours (2026-06-05)


😴 <b>Question sommeil :</b> À quelle heure t'es couché hier soir ?
(Réponds directement ici, ex: "2h30")

— JARVIS

--- Sending to Telegram ---
{"ok":true,"result":{"message_id":1495,"from":{"id":8997450587,"is_bot":true,"first_name":"Jarvis","username":"shayan_claude_bot"},"chat":{"id":5351269136,"first_name":"Drkflow","username":"drkfloww","type":"private"},"date":1780374606,"text":"\u26a1 JARVIS MORNING BRIEF \u2014 Mardi 02 juin\n\n\ud83d\udd34 Hier : 19/100 \u2014 FAIBLE\n  DMs 0/2 | Gym \u2713 | Fajr \u2717 | Deep work 0h | No PMO \u2717\n\n\ud83d\udea8 POINTS CRITIQUES\n  \u263e Fajr rat\u00e9 hier \u2014 c'est la base. Couche-toi avant 23h ce soir.\n  \ud83d\udcac 0 DMs hier \u2014 l'outreach n'a pas \u00e9t\u00e9 fait. C'est la priorit\u00e9 #1 ce matin.\n\n\ud83c\udfaf PRIORIT\u00c9S AUJOURD'HUI\n  1. 2 DMs outreach de qualit\u00e9 \u2014 cibl\u00e9s, personnalis\u00e9s, \u00e0 fort levier.\n  2. Bloc deep work 3h minimum \u2014 ferme les notifs, pas de r\u00e9seaux avant 18h.\n  3. Delivery Didier \u2014 avance sur la vid\u00e9o pre-call ou les stories cette semaine.\n\n\ud83d\udcde RELANCES AUJOURD'HUI\n  \u2192 Dayyan (non_qualifie_referral) \u2014 DM Wally Invest (@wallinvest?) \u2014 r\u00e9f\u00e9ral de Dayyan, potentiel SaaS CloseGuard\n\n\u26a1 Streak No PMO : 0 \u2014 aujourd'hui \u00e7a recommence.\n\n\ud83d\udccb T\u00c2CHES \u2014 \u00c9CH\u00c9ANCES PROCHES\n  \u2192 Faire la demande pour r\u00e9cup\u00e9rer le permis de conduire \u2014 Dans 3 jours (2026-06-05)\n\n\n\ud83d\ude34 Question sommeil : \u00c0 quelle heure t'es couch\u00e9 hier soir ?\n(R\u00e9ponds directement ici, ex: \"2h30\")\n\n\u2014 JARVIS","entities":[{"offset":2,"length":36,"type":"bold"},{"offset":43,"length":22,"type":"bold"},{"offset":123,"length":16,"type":"bold"},{"offset":288,"length":21,"type":"bold"},{"offset":544,"length":20,"type":"bold"},{"offset":619,"length":11,"type":"mention"},{"offset":734,"length":26,"type":"bold"},{"offset":852,"length":18,"type":"bold"}]}}
⚡ <b>JARVIS MORNING BRIEF — Mercredi 03 juin</b>

⚪ <b>Hier : 0/100 — NON RENSEIGNÉ</b>
  DMs 0/2 | Gym ✗ | Fajr ✗ | Deep work 0h | No PMO ?

🚨 <b>POINTS CRITIQUES</b>
  💬 0 DMs hier — l'outreach n'a pas été fait. C'est la priorité #1 ce matin.

🎯 <b>PRIORITÉS AUJOURD'HUI</b>
  1. 2 DMs outreach de qualité — ciblés, personnalisés, à fort levier.
  2. Bloc deep work 3h minimum — ferme les notifs, pas de réseaux avant 18h.
  3. Delivery Didier — avance sur la vidéo pre-call ou les stories cette semaine.

📞 <b>RELANCES AUJOURD'HUI</b>
  → Dayyan (non_qualifie_referral) — DM Wally Invest (@wallinvest?) — référal de Dayyan, potentiel SaaS CloseGuard

⚡ Streak No PMO : 0 — aujourd'hui ça recommence.

📋 <b>TÂCHES — ÉCHÉANCES PROCHES</b>
  → Faire la demande pour récupérer le permis de conduire — Dans 2 jours (2026-06-05)


😴 <b>Question sommeil :</b> À quelle heure t'es couché hier soir ?
(Réponds directement ici, ex: "2h30")

— JARVIS

--- Sending to Telegram ---
{"ok":true,"result":{"message_id":1507,"from":{"id":8997450587,"is_bot":true,"first_name":"Jarvis","username":"shayan_claude_bot"},"chat":{"id":5351269136,"first_name":"Drkflow","username":"drkfloww","type":"private"},"date":1780461006,"text":"\u26a1 JARVIS MORNING BRIEF \u2014 Mercredi 03 juin\n\n\u26aa Hier : 0/100 \u2014 NON RENSEIGN\u00c9\n  DMs 0/2 | Gym \u2717 | Fajr \u2717 | Deep work 0h | No PMO ?\n\n\ud83d\udea8 POINTS CRITIQUES\n  \ud83d\udcac 0 DMs hier \u2014 l'outreach n'a pas \u00e9t\u00e9 fait. C'est la priorit\u00e9 #1 ce matin.\n\n\ud83c\udfaf PRIORIT\u00c9S AUJOURD'HUI\n  1. 2 DMs outreach de qualit\u00e9 \u2014 cibl\u00e9s, personnalis\u00e9s, \u00e0 fort levier.\n  2. Bloc deep work 3h minimum \u2014 ferme les notifs, pas de r\u00e9seaux avant 18h.\n  3. Delivery Didier \u2014 avance sur la vid\u00e9o pre-call ou les stories cette semaine.\n\n\ud83d\udcde RELANCES AUJOURD'HUI\n  \u2192 Dayyan (non_qualifie_referral) \u2014 DM Wally Invest (@wallinvest?) \u2014 r\u00e9f\u00e9ral de Dayyan, potentiel SaaS CloseGuard\n\n\u26a1 Streak No PMO : 0 \u2014 aujourd'hui \u00e7a recommence.\n\n\ud83d\udccb T\u00c2CHES \u2014 \u00c9CH\u00c9ANCES PROCHES\n  \u2192 Faire la demande pour r\u00e9cup\u00e9rer le permis de conduire \u2014 Dans 2 jours (2026-06-05)\n\n\n\ud83d\ude34 Question sommeil : \u00c0 quelle heure t'es couch\u00e9 hier soir ?\n(R\u00e9ponds directement ici, ex: \"2h30\")\n\n\u2014 JARVIS","entities":[{"offset":2,"length":39,"type":"bold"},{"offset":45,"length":28,"type":"bold"},{"offset":131,"length":16,"type":"bold"},{"offset":230,"length":21,"type":"bold"},{"offset":486,"length":20,"type":"bold"},{"offset":561,"length":11,"type":"mention"},{"offset":676,"length":26,"type":"bold"},{"offset":794,"length":18,"type":"bold"}]}}
⚡ <b>JARVIS MORNING BRIEF — Jeudi 04 juin</b>

🔴 <b>Hier : 14/100 — FAIBLE</b>
  DMs 0/2 | Gym ✓ | Fajr ✗ | Deep work 0h | No PMO ✗

🚨 <b>POINTS CRITIQUES</b>
  ☾ Fajr raté hier — c'est la base. Couche-toi avant 23h ce soir.
  💬 0 DMs hier — l'outreach n'a pas été fait. C'est la priorité #1 ce matin.
  📱 4h05 de réseaux hier — laisse ton téléphone jusqu'à 18h.
  🍔 Goyslop hier — discipline absolue aujourd'hui.

🎯 <b>PRIORITÉS AUJOURD'HUI</b>
  1. 2 DMs outreach de qualité — ciblés, personnalisés, à fort levier.
  2. Bloc deep work 3h minimum — ferme les notifs, pas de réseaux avant 18h.
  3. Delivery Didier — avance sur la vidéo pre-call ou les stories cette semaine.

📞 <b>RELANCES AUJOURD'HUI</b>
  → Dayyan (non_qualifie_referral) — DM Wally Invest (@wallinvest?) — référal de Dayyan, potentiel SaaS CloseGuard

⚡ Streak No PMO : 0 — aujourd'hui ça recommence.

📋 <b>TÂCHES — ÉCHÉANCES PROCHES</b>
  → Faire la demande pour récupérer le permis de conduire — Demain


😴 <b>Question sommeil :</b> À quelle heure t'es couché hier soir ?
(Réponds directement ici, ex: "2h30")

— JARVIS

--- Sending to Telegram ---
{"ok":true,"result":{"message_id":1520,"from":{"id":8997450587,"is_bot":true,"first_name":"Jarvis","username":"shayan_claude_bot"},"chat":{"id":5351269136,"first_name":"Drkflow","username":"drkfloww","type":"private"},"date":1780547406,"text":"\u26a1 JARVIS MORNING BRIEF \u2014 Jeudi 04 juin\n\n\ud83d\udd34 Hier : 14/100 \u2014 FAIBLE\n  DMs 0/2 | Gym \u2713 | Fajr \u2717 | Deep work 0h | No PMO \u2717\n\n\ud83d\udea8 POINTS CRITIQUES\n  \u263e Fajr rat\u00e9 hier \u2014 c'est la base. Couche-toi avant 23h ce soir.\n  \ud83d\udcac 0 DMs hier \u2014 l'outreach n'a pas \u00e9t\u00e9 fait. C'est la priorit\u00e9 #1 ce matin.\n  \ud83d\udcf1 4h05 de r\u00e9seaux hier \u2014 laisse ton t\u00e9l\u00e9phone jusqu'\u00e0 18h.\n  \ud83c\udf54 Goyslop hier \u2014 discipline absolue aujourd'hui.\n\n\ud83c\udfaf PRIORIT\u00c9S AUJOURD'HUI\n  1. 2 DMs outreach de qualit\u00e9 \u2014 cibl\u00e9s, personnalis\u00e9s, \u00e0 fort levier.\n  2. Bloc deep work 3h minimum \u2014 ferme les notifs, pas de r\u00e9seaux avant 18h.\n  3. Delivery Didier \u2014 avance sur la vid\u00e9o pre-call ou les stories cette semaine.\n\n\ud83d\udcde RELANCES AUJOURD'HUI\n  \u2192 Dayyan (non_qualifie_referral) \u2014 DM Wally Invest (@wallinvest?) \u2014 r\u00e9f\u00e9ral de Dayyan, potentiel SaaS CloseGuard\n\n\u26a1 Streak No PMO : 0 \u2014 aujourd'hui \u00e7a recommence.\n\n\ud83d\udccb T\u00c2CHES \u2014 \u00c9CH\u00c9ANCES PROCHES\n  \u2192 Faire la demande pour r\u00e9cup\u00e9rer le permis de conduire \u2014 Demain\n\n\n\ud83d\ude34 Question sommeil : \u00c0 quelle heure t'es couch\u00e9 hier soir ?\n(R\u00e9ponds directement ici, ex: \"2h30\")\n\n\u2014 JARVIS","entities":[{"offset":2,"length":36,"type":"bold"},{"offset":43,"length":22,"type":"bold"},{"offset":123,"length":16,"type":"bold"},{"offset":402,"length":21,"type":"bold"},{"offset":658,"length":20,"type":"bold"},{"offset":733,"length":11,"type":"mention"},{"offset":848,"length":26,"type":"bold"},{"offset":947,"length":18,"type":"bold"}]}}
⚡ <b>JARVIS MORNING BRIEF — Vendredi 05 juin</b>

⚪ <b>Hier : 0/100 — NON RENSEIGNÉ</b>
  DMs 0/2 | Gym ✗ | Fajr ✗ | Deep work 0h | No PMO ?

🚨 <b>POINTS CRITIQUES</b>
  💬 0 DMs hier — l'outreach n'a pas été fait. C'est la priorité #1 ce matin.

🎯 <b>PRIORITÉS AUJOURD'HUI</b>
  1. 2 DMs outreach de qualité — ciblés, personnalisés, à fort levier.
  2. Bloc deep work 3h minimum — ferme les notifs, pas de réseaux avant 18h.
  3. Delivery Didier — avance sur la vidéo pre-call ou les stories cette semaine.

📞 <b>RELANCES AUJOURD'HUI</b>
  → Dayyan (non_qualifie_referral) — DM Wally Invest (@wallinvest?) — référal de Dayyan, potentiel SaaS CloseGuard

⚡ Streak No PMO : 0 — aujourd'hui ça recommence.

📋 <b>TÂCHES — ÉCHÉANCES PROCHES</b>
  → Faire la demande pour récupérer le permis de conduire — ⚠ À faire AUJOURD'HUI


😴 <b>Question sommeil :</b> À quelle heure t'es couché hier soir ?
(Réponds directement ici, ex: "2h30")

— JARVIS

--- Sending to Telegram ---
{"ok":true,"result":{"message_id":1594,"from":{"id":8997450587,"is_bot":true,"first_name":"Jarvis","username":"shayan_claude_bot"},"chat":{"id":5351269136,"first_name":"Drkflow","username":"drkfloww","type":"private"},"date":1780633803,"text":"\u26a1 JARVIS MORNING BRIEF \u2014 Vendredi 05 juin\n\n\u26aa Hier : 0/100 \u2014 NON RENSEIGN\u00c9\n  DMs 0/2 | Gym \u2717 | Fajr \u2717 | Deep work 0h | No PMO ?\n\n\ud83d\udea8 POINTS CRITIQUES\n  \ud83d\udcac 0 DMs hier \u2014 l'outreach n'a pas \u00e9t\u00e9 fait. C'est la priorit\u00e9 #1 ce matin.\n\n\ud83c\udfaf PRIORIT\u00c9S AUJOURD'HUI\n  1. 2 DMs outreach de qualit\u00e9 \u2014 cibl\u00e9s, personnalis\u00e9s, \u00e0 fort levier.\n  2. Bloc deep work 3h minimum \u2014 ferme les notifs, pas de r\u00e9seaux avant 18h.\n  3. Delivery Didier \u2014 avance sur la vid\u00e9o pre-call ou les stories cette semaine.\n\n\ud83d\udcde RELANCES AUJOURD'HUI\n  \u2192 Dayyan (non_qualifie_referral) \u2014 DM Wally Invest (@wallinvest?) \u2014 r\u00e9f\u00e9ral de Dayyan, potentiel SaaS CloseGuard\n\n\u26a1 Streak No PMO : 0 \u2014 aujourd'hui \u00e7a recommence.\n\n\ud83d\udccb T\u00c2CHES \u2014 \u00c9CH\u00c9ANCES PROCHES\n  \u2192 Faire la demande pour r\u00e9cup\u00e9rer le permis de conduire \u2014 \u26a0 \u00c0 faire AUJOURD'HUI\n\n\n\ud83d\ude34 Question sommeil : \u00c0 quelle heure t'es couch\u00e9 hier soir ?\n(R\u00e9ponds directement ici, ex: \"2h30\")\n\n\u2014 JARVIS","entities":[{"offset":2,"length":39,"type":"bold"},{"offset":45,"length":28,"type":"bold"},{"offset":131,"length":16,"type":"bold"},{"offset":230,"length":21,"type":"bold"},{"offset":486,"length":20,"type":"bold"},{"offset":561,"length":11,"type":"mention"},{"offset":676,"length":26,"type":"bold"},{"offset":790,"length":18,"type":"bold"}]}}
⚡ <b>JARVIS MORNING BRIEF — Samedi 06 juin</b>

⚪ Pas de données pour hier.

🎯 <b>PRIORITÉS AUJOURD'HUI</b>
  1. 2 DMs outreach de qualité — commence maintenant.
  2. Bloc deep work 3h minimum — ferme les notifs, pas de réseaux avant 18h.
  3. Delivery Didier — avance sur la vidéo pre-call ou les stories cette semaine.

📞 <b>RELANCES AUJOURD'HUI</b>
  → Dayyan (non_qualifie_referral) — DM Wally Invest (@wallinvest?) — référal de Dayyan, potentiel SaaS CloseGuard

⚡ Streak No PMO : 0 — aujourd'hui ça recommence.

📋 <b>TÂCHES — ÉCHÉANCES PROCHES</b>
  → Faire la demande pour récupérer le permis de conduire — ⚠ En retard de 1 jour(s) !


😴 <b>Question sommeil :</b> À quelle heure t'es couché hier soir ?
(Réponds directement ici, ex: "2h30")

— JARVIS

--- Sending to Telegram ---
{"ok":true,"result":{"message_id":1616,"from":{"id":8997450587,"is_bot":true,"first_name":"Jarvis","username":"shayan_claude_bot"},"chat":{"id":5351269136,"first_name":"Drkflow","username":"drkfloww","type":"private"},"date":1780720206,"text":"\u26a1 JARVIS MORNING BRIEF \u2014 Samedi 06 juin\n\n\u26aa Pas de donn\u00e9es pour hier.\n\n\ud83c\udfaf PRIORIT\u00c9S AUJOURD'HUI\n  1. 2 DMs outreach de qualit\u00e9 \u2014 commence maintenant.\n  2. Bloc deep work 3h minimum \u2014 ferme les notifs, pas de r\u00e9seaux avant 18h.\n  3. Delivery Didier \u2014 avance sur la vid\u00e9o pre-call ou les stories cette semaine.\n\n\ud83d\udcde RELANCES AUJOURD'HUI\n  \u2192 Dayyan (non_qualifie_referral) \u2014 DM Wally Invest (@wallinvest?) \u2014 r\u00e9f\u00e9ral de Dayyan, potentiel SaaS CloseGuard\n\n\u26a1 Streak No PMO : 0 \u2014 aujourd'hui \u00e7a recommence.\n\n\ud83d\udccb T\u00c2CHES \u2014 \u00c9CH\u00c9ANCES PROCHES\n  \u2192 Faire la demande pour r\u00e9cup\u00e9rer le permis de conduire \u2014 \u26a0 En retard de 1 jour(s) !\n\n\n\ud83d\ude34 Question sommeil : \u00c0 quelle heure t'es couch\u00e9 hier soir ?\n(R\u00e9ponds directement ici, ex: \"2h30\")\n\n\u2014 JARVIS","entities":[{"offset":2,"length":37,"type":"bold"},{"offset":73,"length":21,"type":"bold"},{"offset":312,"length":20,"type":"bold"},{"offset":387,"length":11,"type":"mention"},{"offset":502,"length":26,"type":"bold"},{"offset":621,"length":18,"type":"bold"}]}}
⚡ <b>JARVIS MORNING BRIEF — Dimanche 07 juin</b>

🔴 <b>Hier : 21/100 — FAIBLE</b>
  DMs 0/2 | Gym ✓ | Fajr ✗ | Deep work 0.3h | No PMO ✓

🚨 <b>POINTS CRITIQUES</b>
  ☾ Fajr raté hier — c'est la base. Couche-toi avant 23h ce soir.
  💬 0 DMs hier — l'outreach n'a pas été fait. C'est la priorité #1 ce matin.
  📱 4h05 de réseaux hier — laisse ton téléphone jusqu'à 18h.

🎯 <b>PRIORITÉS AUJOURD'HUI</b>
  1. 2 DMs outreach de qualité — ciblés, personnalisés, à fort levier.
  2. Bloc deep work 3h minimum — ferme les notifs, pas de réseaux avant 18h.
  3. Delivery Didier — avance sur la vidéo pre-call ou les stories cette semaine.

📞 <b>RELANCES AUJOURD'HUI</b>
  → Dayyan (non_qualifie_referral) — DM Wally Invest (@wallinvest?) — référal de Dayyan, potentiel SaaS CloseGuard

🔥 <b>Streak No PMO : 1 jour</b> — protège-le.

📋 <b>TÂCHES — ÉCHÉANCES PROCHES</b>
  → Faire la demande pour récupérer le permis de conduire — ⚠ En retard de 2 jour(s) !


😴 <b>Question sommeil :</b> À quelle heure t'es couché hier soir ?
(Réponds directement ici, ex: "2h30")

— JARVIS

--- Sending to Telegram ---
{"ok":true,"result":{"message_id":1684,"from":{"id":8997450587,"is_bot":true,"first_name":"Jarvis","username":"shayan_claude_bot"},"chat":{"id":5351269136,"first_name":"Drkflow","username":"drkfloww","type":"private"},"date":1780806607,"text":"\u26a1 JARVIS MORNING BRIEF \u2014 Dimanche 07 juin\n\n\ud83d\udd34 Hier : 21/100 \u2014 FAIBLE\n  DMs 0/2 | Gym \u2713 | Fajr \u2717 | Deep work 0.3h | No PMO \u2713\n\n\ud83d\udea8 POINTS CRITIQUES\n  \u263e Fajr rat\u00e9 hier \u2014 c'est la base. Couche-toi avant 23h ce soir.\n  \ud83d\udcac 0 DMs hier \u2014 l'outreach n'a pas \u00e9t\u00e9 fait. C'est la priorit\u00e9 #1 ce matin.\n  \ud83d\udcf1 4h05 de r\u00e9seaux hier \u2014 laisse ton t\u00e9l\u00e9phone jusqu'\u00e0 18h.\n\n\ud83c\udfaf PRIORIT\u00c9S AUJOURD'HUI\n  1. 2 DMs outreach de qualit\u00e9 \u2014 cibl\u00e9s, personnalis\u00e9s, \u00e0 fort levier.\n  2. Bloc deep work 3h minimum \u2014 ferme les notifs, pas de r\u00e9seaux avant 18h.\n  3. Delivery Didier \u2014 avance sur la vid\u00e9o pre-call ou les stories cette semaine.\n\n\ud83d\udcde RELANCES AUJOURD'HUI\n  \u2192 Dayyan (non_qualifie_referral) \u2014 DM Wally Invest (@wallinvest?) \u2014 r\u00e9f\u00e9ral de Dayyan, potentiel SaaS CloseGuard\n\n\ud83d\udd25 Streak No PMO : 1 jour \u2014 prot\u00e8ge-le.\n\n\ud83d\udccb T\u00c2CHES \u2014 \u00c9CH\u00c9ANCES PROCHES\n  \u2192 Faire la demande pour r\u00e9cup\u00e9rer le permis de conduire \u2014 \u26a0 En retard de 2 jour(s) !\n\n\n\ud83d\ude34 Question sommeil : \u00c0 quelle heure t'es couch\u00e9 hier soir ?\n(R\u00e9ponds directement ici, ex: \"2h30\")\n\n\u2014 JARVIS","entities":[{"offset":2,"length":39,"type":"bold"},{"offset":46,"length":22,"type":"bold"},{"offset":128,"length":16,"type":"bold"},{"offset":355,"length":21,"type":"bold"},{"offset":611,"length":20,"type":"bold"},{"offset":686,"length":11,"type":"mention"},{"offset":751,"length":22,"type":"bold"},{"offset":792,"length":26,"type":"bold"},{"offset":911,"length":18,"type":"bold"}]}}
⚡ <b>JARVIS MORNING BRIEF — Lundi 08 juin</b>

🔴 <b>Hier : 14/100 — FAIBLE</b>
  DMs 0/2 | Gym ✗ | Fajr ✗ | Deep work 0h | No PMO ✓

🚨 <b>POINTS CRITIQUES</b>
  ☾ Fajr raté hier — c'est la base. Couche-toi avant 23h ce soir.
  💬 0 DMs hier — l'outreach n'a pas été fait. C'est la priorité #1 ce matin.
  🍔 Goyslop hier — discipline absolue aujourd'hui.

🎯 <b>PRIORITÉS AUJOURD'HUI</b>
  1. 2 DMs outreach de qualité — ciblés, personnalisés, à fort levier.
  2. Bloc deep work 3h minimum — ferme les notifs, pas de réseaux avant 18h.
  3. Delivery Didier — avance sur la vidéo pre-call ou les stories cette semaine.

📞 <b>RELANCES AUJOURD'HUI</b>
  → Dayyan (non_qualifie_referral) — DM Wally Invest (@wallinvest?) — référal de Dayyan, potentiel SaaS CloseGuard

🔥 <b>Streak No PMO : 2 jours</b> — protège-le.

📋 <b>TÂCHES — ÉCHÉANCES PROCHES</b>
  → Faire la demande pour récupérer le permis de conduire — ⚠ En retard de 3 jour(s) !


😴 <b>Question sommeil :</b> À quelle heure t'es couché hier soir ?
(Réponds directement ici, ex: "2h30")

— JARVIS

--- Sending to Telegram ---
{"ok":true,"result":{"message_id":1778,"from":{"id":8997450587,"is_bot":true,"first_name":"Jarvis","username":"shayan_claude_bot"},"chat":{"id":5351269136,"first_name":"Drkflow","username":"drkfloww","type":"private"},"date":1780893006,"text":"\u26a1 JARVIS MORNING BRIEF \u2014 Lundi 08 juin\n\n\ud83d\udd34 Hier : 14/100 \u2014 FAIBLE\n  DMs 0/2 | Gym \u2717 | Fajr \u2717 | Deep work 0h | No PMO \u2713\n\n\ud83d\udea8 POINTS CRITIQUES\n  \u263e Fajr rat\u00e9 hier \u2014 c'est la base. Couche-toi avant 23h ce soir.\n  \ud83d\udcac 0 DMs hier \u2014 l'outreach n'a pas \u00e9t\u00e9 fait. C'est la priorit\u00e9 #1 ce matin.\n  \ud83c\udf54 Goyslop hier \u2014 discipline absolue aujourd'hui.\n\n\ud83c\udfaf PRIORIT\u00c9S AUJOURD'HUI\n  1. 2 DMs outreach de qualit\u00e9 \u2014 cibl\u00e9s, personnalis\u00e9s, \u00e0 fort levier.\n  2. Bloc deep work 3h minimum \u2014 ferme les notifs, pas de r\u00e9seaux avant 18h.\n  3. Delivery Didier \u2014 avance sur la vid\u00e9o pre-call ou les stories cette semaine.\n\n\ud83d\udcde RELANCES AUJOURD'HUI\n  \u2192 Dayyan (non_qualifie_referral) \u2014 DM Wally Invest (@wallinvest?) \u2014 r\u00e9f\u00e9ral de Dayyan, potentiel SaaS CloseGuard\n\n\ud83d\udd25 Streak No PMO : 2 jours \u2014 prot\u00e8ge-le.\n\n\ud83d\udccb T\u00c2CHES \u2014 \u00c9CH\u00c9ANCES PROCHES\n  \u2192 Faire la demande pour r\u00e9cup\u00e9rer le permis de conduire \u2014 \u26a0 En retard de 3 jour(s) !\n\n\n\ud83d\ude34 Question sommeil : \u00c0 quelle heure t'es couch\u00e9 hier soir ?\n(R\u00e9ponds directement ici, ex: \"2h30\")\n\n\u2014 JARVIS","entities":[{"offset":2,"length":36,"type":"bold"},{"offset":43,"length":22,"type":"bold"},{"offset":123,"length":16,"type":"bold"},{"offset":340,"length":21,"type":"bold"},{"offset":596,"length":20,"type":"bold"},{"offset":671,"length":11,"type":"mention"},{"offset":736,"length":23,"type":"bold"},{"offset":778,"length":26,"type":"bold"},{"offset":897,"length":18,"type":"bold"}]}}
⚡ <b>JARVIS MORNING BRIEF — Mardi 09 juin</b>

⚪ Pas de données pour hier.

🎯 <b>PRIORITÉS AUJOURD'HUI</b>
  1. 2 DMs outreach de qualité — commence maintenant.
  2. Bloc deep work 3h minimum — ferme les notifs, pas de réseaux avant 18h.
  3. Delivery Didier — avance sur la vidéo pre-call ou les stories cette semaine.

📞 <b>RELANCES AUJOURD'HUI</b>
  → Dayyan (non_qualifie_referral) — DM Wally Invest (@wallinvest?) — référal de Dayyan, potentiel SaaS CloseGuard

🔥 <b>Streak No PMO : 2 jours</b> — protège-le.

📋 <b>TÂCHES — ÉCHÉANCES PROCHES</b>
  → Faire la demande pour récupérer le permis de conduire — ⚠ En retard de 4 jour(s) !


😴 <b>Question sommeil :</b> À quelle heure t'es couché hier soir ?
(Réponds directement ici, ex: "2h30")

— JARVIS

--- Sending to Telegram ---
{"ok":true,"result":{"message_id":1806,"from":{"id":8997450587,"is_bot":true,"first_name":"Jarvis","username":"shayan_claude_bot"},"chat":{"id":5351269136,"first_name":"Drkflow","username":"drkfloww","type":"private"},"date":1780979406,"text":"\u26a1 JARVIS MORNING BRIEF \u2014 Mardi 09 juin\n\n\u26aa Pas de donn\u00e9es pour hier.\n\n\ud83c\udfaf PRIORIT\u00c9S AUJOURD'HUI\n  1. 2 DMs outreach de qualit\u00e9 \u2014 commence maintenant.\n  2. Bloc deep work 3h minimum \u2014 ferme les notifs, pas de r\u00e9seaux avant 18h.\n  3. Delivery Didier \u2014 avance sur la vid\u00e9o pre-call ou les stories cette semaine.\n\n\ud83d\udcde RELANCES AUJOURD'HUI\n  \u2192 Dayyan (non_qualifie_referral) \u2014 DM Wally Invest (@wallinvest?) \u2014 r\u00e9f\u00e9ral de Dayyan, potentiel SaaS CloseGuard\n\n\ud83d\udd25 Streak No PMO : 2 jours \u2014 prot\u00e8ge-le.\n\n\ud83d\udccb T\u00c2CHES \u2014 \u00c9CH\u00c9ANCES PROCHES\n  \u2192 Faire la demande pour r\u00e9cup\u00e9rer le permis de conduire \u2014 \u26a0 En retard de 4 jour(s) !\n\n\n\ud83d\ude34 Question sommeil : \u00c0 quelle heure t'es couch\u00e9 hier soir ?\n(R\u00e9ponds directement ici, ex: \"2h30\")\n\n\u2014 JARVIS","entities":[{"offset":2,"length":36,"type":"bold"},{"offset":72,"length":21,"type":"bold"},{"offset":311,"length":20,"type":"bold"},{"offset":386,"length":11,"type":"mention"},{"offset":451,"length":23,"type":"bold"},{"offset":493,"length":26,"type":"bold"},{"offset":612,"length":18,"type":"bold"}]}}
⚡ <b>JARVIS MORNING BRIEF — Mercredi 10 juin</b>

⚪ Pas de données pour hier.

🎯 <b>PRIORITÉS AUJOURD'HUI</b>
  1. 2 DMs outreach de qualité — commence maintenant.
  2. Bloc deep work 3h minimum — ferme les notifs, pas de réseaux avant 18h.
  3. Delivery Didier — avance sur la vidéo pre-call ou les stories cette semaine.

📞 <b>RELANCES AUJOURD'HUI</b>
  → Dayyan (non_qualifie_referral) — DM Wally Invest (@wallinvest?) — référal de Dayyan, potentiel SaaS CloseGuard

🔥 <b>Streak No PMO : 2 jours</b> — protège-le.

📋 <b>TÂCHES — ÉCHÉANCES PROCHES</b>
  → Faire la demande pour récupérer le permis de conduire — ⚠ En retard de 5 jour(s) !


😴 <b>Question sommeil :</b> À quelle heure t'es couché hier soir ?
(Réponds directement ici, ex: "2h30")

— JARVIS

--- Sending to Telegram ---
{"ok":true,"result":{"message_id":1851,"from":{"id":8997450587,"is_bot":true,"first_name":"Jarvis","username":"shayan_claude_bot"},"chat":{"id":5351269136,"first_name":"Drkflow","username":"drkfloww","type":"private"},"date":1781065806,"text":"\u26a1 JARVIS MORNING BRIEF \u2014 Mercredi 10 juin\n\n\u26aa Pas de donn\u00e9es pour hier.\n\n\ud83c\udfaf PRIORIT\u00c9S AUJOURD'HUI\n  1. 2 DMs outreach de qualit\u00e9 \u2014 commence maintenant.\n  2. Bloc deep work 3h minimum \u2014 ferme les notifs, pas de r\u00e9seaux avant 18h.\n  3. Delivery Didier \u2014 avance sur la vid\u00e9o pre-call ou les stories cette semaine.\n\n\ud83d\udcde RELANCES AUJOURD'HUI\n  \u2192 Dayyan (non_qualifie_referral) \u2014 DM Wally Invest (@wallinvest?) \u2014 r\u00e9f\u00e9ral de Dayyan, potentiel SaaS CloseGuard\n\n\ud83d\udd25 Streak No PMO : 2 jours \u2014 prot\u00e8ge-le.\n\n\ud83d\udccb T\u00c2CHES \u2014 \u00c9CH\u00c9ANCES PROCHES\n  \u2192 Faire la demande pour r\u00e9cup\u00e9rer le permis de conduire \u2014 \u26a0 En retard de 5 jour(s) !\n\n\n\ud83d\ude34 Question sommeil : \u00c0 quelle heure t'es couch\u00e9 hier soir ?\n(R\u00e9ponds directement ici, ex: \"2h30\")\n\n\u2014 JARVIS","entities":[{"offset":2,"length":39,"type":"bold"},{"offset":75,"length":21,"type":"bold"},{"offset":314,"length":20,"type":"bold"},{"offset":389,"length":11,"type":"mention"},{"offset":454,"length":23,"type":"bold"},{"offset":496,"length":26,"type":"bold"},{"offset":615,"length":18,"type":"bold"}]}}
⚡ <b>JARVIS MORNING BRIEF — Jeudi 11 juin</b>

⚪ Pas de données pour hier.

🎯 <b>PRIORITÉS AUJOURD'HUI</b>
  1. 2 DMs outreach de qualité — commence maintenant.
  2. Bloc deep work 3h minimum — ferme les notifs, pas de réseaux avant 18h.
  3. Delivery Didier — avance sur la vidéo pre-call ou les stories cette semaine.

📞 <b>RELANCES AUJOURD'HUI</b>
  → Dayyan (non_qualifie_referral) — DM Wally Invest (@wallinvest?) — référal de Dayyan, potentiel SaaS CloseGuard

🔥 <b>Streak No PMO : 2 jours</b> — protège-le.

📋 <b>TÂCHES — ÉCHÉANCES PROCHES</b>
  → Faire la demande pour récupérer le permis de conduire — ⚠ En retard de 6 jour(s) !


😴 <b>Question sommeil :</b> À quelle heure t'es couché hier soir ?
(Réponds directement ici, ex: "2h30")

— JARVIS

--- Sending to Telegram ---
{"ok":true,"result":{"message_id":1910,"from":{"id":8997450587,"is_bot":true,"first_name":"Jarvis","username":"shayan_claude_bot"},"chat":{"id":5351269136,"first_name":"Drkflow","username":"drkfloww","type":"private"},"date":1781152205,"text":"\u26a1 JARVIS MORNING BRIEF \u2014 Jeudi 11 juin\n\n\u26aa Pas de donn\u00e9es pour hier.\n\n\ud83c\udfaf PRIORIT\u00c9S AUJOURD'HUI\n  1. 2 DMs outreach de qualit\u00e9 \u2014 commence maintenant.\n  2. Bloc deep work 3h minimum \u2014 ferme les notifs, pas de r\u00e9seaux avant 18h.\n  3. Delivery Didier \u2014 avance sur la vid\u00e9o pre-call ou les stories cette semaine.\n\n\ud83d\udcde RELANCES AUJOURD'HUI\n  \u2192 Dayyan (non_qualifie_referral) \u2014 DM Wally Invest (@wallinvest?) \u2014 r\u00e9f\u00e9ral de Dayyan, potentiel SaaS CloseGuard\n\n\ud83d\udd25 Streak No PMO : 2 jours \u2014 prot\u00e8ge-le.\n\n\ud83d\udccb T\u00c2CHES \u2014 \u00c9CH\u00c9ANCES PROCHES\n  \u2192 Faire la demande pour r\u00e9cup\u00e9rer le permis de conduire \u2014 \u26a0 En retard de 6 jour(s) !\n\n\n\ud83d\ude34 Question sommeil : \u00c0 quelle heure t'es couch\u00e9 hier soir ?\n(R\u00e9ponds directement ici, ex: \"2h30\")\n\n\u2014 JARVIS","entities":[{"offset":2,"length":36,"type":"bold"},{"offset":72,"length":21,"type":"bold"},{"offset":311,"length":20,"type":"bold"},{"offset":386,"length":11,"type":"mention"},{"offset":451,"length":23,"type":"bold"},{"offset":493,"length":26,"type":"bold"},{"offset":612,"length":18,"type":"bold"}]}}
⚡ <b>JARVIS MORNING BRIEF — Vendredi 12 juin</b>

⚪ Pas de données pour hier.

🎯 <b>PRIORITÉS AUJOURD'HUI</b>
  1. 2 DMs outreach de qualité — commence maintenant.
  2. Bloc deep work 3h minimum — ferme les notifs, pas de réseaux avant 18h.
  3. Delivery Didier — avance sur la vidéo pre-call ou les stories cette semaine.

📞 <b>RELANCES AUJOURD'HUI</b>
  → Dayyan (non_qualifie_referral) — DM Wally Invest (@wallinvest?) — référal de Dayyan, potentiel SaaS CloseGuard

🔥 <b>Streak No PMO : 2 jours</b> — protège-le.

📋 <b>TÂCHES — ÉCHÉANCES PROCHES</b>
  → Faire la demande pour récupérer le permis de conduire — ⚠ En retard de 7 jour(s) !


😴 <b>Question sommeil :</b> À quelle heure t'es couché hier soir ?
(Réponds directement ici, ex: "2h30")

— JARVIS

--- Sending to Telegram ---
{"ok":true,"result":{"message_id":1951,"from":{"id":8997450587,"is_bot":true,"first_name":"Jarvis","username":"shayan_claude_bot"},"chat":{"id":5351269136,"first_name":"Drkflow","username":"drkfloww","type":"private"},"date":1781238606,"text":"\u26a1 JARVIS MORNING BRIEF \u2014 Vendredi 12 juin\n\n\u26aa Pas de donn\u00e9es pour hier.\n\n\ud83c\udfaf PRIORIT\u00c9S AUJOURD'HUI\n  1. 2 DMs outreach de qualit\u00e9 \u2014 commence maintenant.\n  2. Bloc deep work 3h minimum \u2014 ferme les notifs, pas de r\u00e9seaux avant 18h.\n  3. Delivery Didier \u2014 avance sur la vid\u00e9o pre-call ou les stories cette semaine.\n\n\ud83d\udcde RELANCES AUJOURD'HUI\n  \u2192 Dayyan (non_qualifie_referral) \u2014 DM Wally Invest (@wallinvest?) \u2014 r\u00e9f\u00e9ral de Dayyan, potentiel SaaS CloseGuard\n\n\ud83d\udd25 Streak No PMO : 2 jours \u2014 prot\u00e8ge-le.\n\n\ud83d\udccb T\u00c2CHES \u2014 \u00c9CH\u00c9ANCES PROCHES\n  \u2192 Faire la demande pour r\u00e9cup\u00e9rer le permis de conduire \u2014 \u26a0 En retard de 7 jour(s) !\n\n\n\ud83d\ude34 Question sommeil : \u00c0 quelle heure t'es couch\u00e9 hier soir ?\n(R\u00e9ponds directement ici, ex: \"2h30\")\n\n\u2014 JARVIS","entities":[{"offset":2,"length":39,"type":"bold"},{"offset":75,"length":21,"type":"bold"},{"offset":314,"length":20,"type":"bold"},{"offset":389,"length":11,"type":"mention"},{"offset":454,"length":23,"type":"bold"},{"offset":496,"length":26,"type":"bold"},{"offset":615,"length":18,"type":"bold"}]}}
⚡ <b>JARVIS MORNING BRIEF — Samedi 13 juin</b>

⚪ Pas de données pour hier.

🎯 <b>PRIORITÉS AUJOURD'HUI</b>
  1. 2 DMs outreach de qualité — commence maintenant.
  2. Bloc deep work 3h minimum — ferme les notifs, pas de réseaux avant 18h.
  3. Delivery Didier — avance sur la vidéo pre-call ou les stories cette semaine.

📞 <b>RELANCES AUJOURD'HUI</b>
  → Dayyan (non_qualifie_referral) — DM Wally Invest (@wallinvest?) — référal de Dayyan, potentiel SaaS CloseGuard

🔥 <b>Streak No PMO : 2 jours</b> — protège-le.

📋 <b>TÂCHES — ÉCHÉANCES PROCHES</b>
  → Faire la demande pour récupérer le permis de conduire — ⚠ En retard de 8 jour(s) !


😴 <b>Question sommeil :</b> À quelle heure t'es couché hier soir ?
(Réponds directement ici, ex: "2h30")

— JARVIS

--- Sending to Telegram ---
{"ok":true,"result":{"message_id":1955,"from":{"id":8997450587,"is_bot":true,"first_name":"Jarvis","username":"shayan_claude_bot"},"chat":{"id":5351269136,"first_name":"Drkflow","username":"drkfloww","type":"private"},"date":1781325001,"text":"\u26a1 JARVIS MORNING BRIEF \u2014 Samedi 13 juin\n\n\u26aa Pas de donn\u00e9es pour hier.\n\n\ud83c\udfaf PRIORIT\u00c9S AUJOURD'HUI\n  1. 2 DMs outreach de qualit\u00e9 \u2014 commence maintenant.\n  2. Bloc deep work 3h minimum \u2014 ferme les notifs, pas de r\u00e9seaux avant 18h.\n  3. Delivery Didier \u2014 avance sur la vid\u00e9o pre-call ou les stories cette semaine.\n\n\ud83d\udcde RELANCES AUJOURD'HUI\n  \u2192 Dayyan (non_qualifie_referral) \u2014 DM Wally Invest (@wallinvest?) \u2014 r\u00e9f\u00e9ral de Dayyan, potentiel SaaS CloseGuard\n\n\ud83d\udd25 Streak No PMO : 2 jours \u2014 prot\u00e8ge-le.\n\n\ud83d\udccb T\u00c2CHES \u2014 \u00c9CH\u00c9ANCES PROCHES\n  \u2192 Faire la demande pour r\u00e9cup\u00e9rer le permis de conduire \u2014 \u26a0 En retard de 8 jour(s) !\n\n\n\ud83d\ude34 Question sommeil : \u00c0 quelle heure t'es couch\u00e9 hier soir ?\n(R\u00e9ponds directement ici, ex: \"2h30\")\n\n\u2014 JARVIS","entities":[{"offset":2,"length":37,"type":"bold"},{"offset":73,"length":21,"type":"bold"},{"offset":312,"length":20,"type":"bold"},{"offset":387,"length":11,"type":"mention"},{"offset":452,"length":23,"type":"bold"},{"offset":494,"length":26,"type":"bold"},{"offset":613,"length":18,"type":"bold"}]}}
⚡ <b>JARVIS MORNING BRIEF — Dimanche 14 juin</b>

⚪ Pas de données pour hier.

🎯 <b>PRIORITÉS AUJOURD'HUI</b>
  1. 2 DMs outreach de qualité — commence maintenant.
  2. Bloc deep work 3h minimum — ferme les notifs, pas de réseaux avant 18h.
  3. Delivery Didier — avance sur la vidéo pre-call ou les stories cette semaine.

📞 <b>RELANCES AUJOURD'HUI</b>
  → Dayyan (non_qualifie_referral) — DM Wally Invest (@wallinvest?) — référal de Dayyan, potentiel SaaS CloseGuard

🔥 <b>Streak No PMO : 2 jours</b> — protège-le.

📋 <b>TÂCHES — ÉCHÉANCES PROCHES</b>
  → Faire la demande pour récupérer le permis de conduire — ⚠ En retard de 9 jour(s) !


😴 <b>Question sommeil :</b> À quelle heure t'es couché hier soir ?
(Réponds directement ici, ex: "2h30")

— JARVIS

--- Sending to Telegram ---
{"ok":true,"result":{"message_id":1975,"from":{"id":8997450587,"is_bot":true,"first_name":"Jarvis","username":"shayan_claude_bot"},"chat":{"id":5351269136,"first_name":"Drkflow","username":"drkfloww","type":"private"},"date":1781411406,"text":"\u26a1 JARVIS MORNING BRIEF \u2014 Dimanche 14 juin\n\n\u26aa Pas de donn\u00e9es pour hier.\n\n\ud83c\udfaf PRIORIT\u00c9S AUJOURD'HUI\n  1. 2 DMs outreach de qualit\u00e9 \u2014 commence maintenant.\n  2. Bloc deep work 3h minimum \u2014 ferme les notifs, pas de r\u00e9seaux avant 18h.\n  3. Delivery Didier \u2014 avance sur la vid\u00e9o pre-call ou les stories cette semaine.\n\n\ud83d\udcde RELANCES AUJOURD'HUI\n  \u2192 Dayyan (non_qualifie_referral) \u2014 DM Wally Invest (@wallinvest?) \u2014 r\u00e9f\u00e9ral de Dayyan, potentiel SaaS CloseGuard\n\n\ud83d\udd25 Streak No PMO : 2 jours \u2014 prot\u00e8ge-le.\n\n\ud83d\udccb T\u00c2CHES \u2014 \u00c9CH\u00c9ANCES PROCHES\n  \u2192 Faire la demande pour r\u00e9cup\u00e9rer le permis de conduire \u2014 \u26a0 En retard de 9 jour(s) !\n\n\n\ud83d\ude34 Question sommeil : \u00c0 quelle heure t'es couch\u00e9 hier soir ?\n(R\u00e9ponds directement ici, ex: \"2h30\")\n\n\u2014 JARVIS","entities":[{"offset":2,"length":39,"type":"bold"},{"offset":75,"length":21,"type":"bold"},{"offset":314,"length":20,"type":"bold"},{"offset":389,"length":11,"type":"mention"},{"offset":454,"length":23,"type":"bold"},{"offset":496,"length":26,"type":"bold"},{"offset":615,"length":18,"type":"bold"}]}}
⚡ <b>JARVIS MORNING BRIEF — Lundi 15 juin</b>

⚪ Pas de données pour hier.

🎯 <b>PRIORITÉS AUJOURD'HUI</b>
  1. 2 DMs outreach de qualité — commence maintenant.
  2. Bloc deep work 3h minimum — ferme les notifs, pas de réseaux avant 18h.
  3. Delivery Didier — avance sur la vidéo pre-call ou les stories cette semaine.

📞 <b>RELANCES AUJOURD'HUI</b>
  → Dayyan (non_qualifie_referral) — DM Wally Invest (@wallinvest?) — référal de Dayyan, potentiel SaaS CloseGuard

🔥 <b>Streak No PMO : 2 jours</b> — protège-le.

📋 <b>TÂCHES — ÉCHÉANCES PROCHES</b>
  → Faire la demande pour récupérer le permis de conduire — ⚠ En retard de 10 jour(s) !


😴 <b>Question sommeil :</b> À quelle heure t'es couché hier soir ?
(Réponds directement ici, ex: "2h30")

— JARVIS

--- Sending to Telegram ---
{"ok":true,"result":{"message_id":2022,"from":{"id":8997450587,"is_bot":true,"first_name":"Jarvis","username":"shayan_claude_bot"},"chat":{"id":5351269136,"first_name":"Drkflow","username":"drkfloww","type":"private"},"date":1781497804,"text":"\u26a1 JARVIS MORNING BRIEF \u2014 Lundi 15 juin\n\n\u26aa Pas de donn\u00e9es pour hier.\n\n\ud83c\udfaf PRIORIT\u00c9S AUJOURD'HUI\n  1. 2 DMs outreach de qualit\u00e9 \u2014 commence maintenant.\n  2. Bloc deep work 3h minimum \u2014 ferme les notifs, pas de r\u00e9seaux avant 18h.\n  3. Delivery Didier \u2014 avance sur la vid\u00e9o pre-call ou les stories cette semaine.\n\n\ud83d\udcde RELANCES AUJOURD'HUI\n  \u2192 Dayyan (non_qualifie_referral) \u2014 DM Wally Invest (@wallinvest?) \u2014 r\u00e9f\u00e9ral de Dayyan, potentiel SaaS CloseGuard\n\n\ud83d\udd25 Streak No PMO : 2 jours \u2014 prot\u00e8ge-le.\n\n\ud83d\udccb T\u00c2CHES \u2014 \u00c9CH\u00c9ANCES PROCHES\n  \u2192 Faire la demande pour r\u00e9cup\u00e9rer le permis de conduire \u2014 \u26a0 En retard de 10 jour(s) !\n\n\n\ud83d\ude34 Question sommeil : \u00c0 quelle heure t'es couch\u00e9 hier soir ?\n(R\u00e9ponds directement ici, ex: \"2h30\")\n\n\u2014 JARVIS","entities":[{"offset":2,"length":36,"type":"bold"},{"offset":72,"length":21,"type":"bold"},{"offset":311,"length":20,"type":"bold"},{"offset":386,"length":11,"type":"mention"},{"offset":451,"length":23,"type":"bold"},{"offset":493,"length":26,"type":"bold"},{"offset":613,"length":18,"type":"bold"}]}}
⚡ <b>JARVIS MORNING BRIEF — Mardi 16 juin</b>

⚪ Pas de données pour hier.

🎯 <b>PRIORITÉS AUJOURD'HUI</b>
  1. 2 DMs outreach de qualité — commence maintenant.
  2. Bloc deep work 3h minimum — ferme les notifs, pas de réseaux avant 18h.
  3. Delivery Didier — avance sur la vidéo pre-call ou les stories cette semaine.

📞 <b>RELANCES AUJOURD'HUI</b>
  → Dayyan (non_qualifie_referral) — DM Wally Invest (@wallinvest?) — référal de Dayyan, potentiel SaaS CloseGuard

🔥 <b>Streak No PMO : 2 jours</b> — protège-le.

📋 <b>TÂCHES — ÉCHÉANCES PROCHES</b>
  → Faire la demande pour récupérer le permis de conduire — ⚠ En retard de 11 jour(s) !


😴 <b>Question sommeil :</b> À quelle heure t'es couché hier soir ?
(Réponds directement ici, ex: "2h30")

— JARVIS

--- Sending to Telegram ---
{"ok":true,"result":{"message_id":2041,"from":{"id":8997450587,"is_bot":true,"first_name":"Jarvis","username":"shayan_claude_bot"},"chat":{"id":5351269136,"first_name":"Drkflow","username":"drkfloww","type":"private"},"date":1781584205,"text":"\u26a1 JARVIS MORNING BRIEF \u2014 Mardi 16 juin\n\n\u26aa Pas de donn\u00e9es pour hier.\n\n\ud83c\udfaf PRIORIT\u00c9S AUJOURD'HUI\n  1. 2 DMs outreach de qualit\u00e9 \u2014 commence maintenant.\n  2. Bloc deep work 3h minimum \u2014 ferme les notifs, pas de r\u00e9seaux avant 18h.\n  3. Delivery Didier \u2014 avance sur la vid\u00e9o pre-call ou les stories cette semaine.\n\n\ud83d\udcde RELANCES AUJOURD'HUI\n  \u2192 Dayyan (non_qualifie_referral) \u2014 DM Wally Invest (@wallinvest?) \u2014 r\u00e9f\u00e9ral de Dayyan, potentiel SaaS CloseGuard\n\n\ud83d\udd25 Streak No PMO : 2 jours \u2014 prot\u00e8ge-le.\n\n\ud83d\udccb T\u00c2CHES \u2014 \u00c9CH\u00c9ANCES PROCHES\n  \u2192 Faire la demande pour r\u00e9cup\u00e9rer le permis de conduire \u2014 \u26a0 En retard de 11 jour(s) !\n\n\n\ud83d\ude34 Question sommeil : \u00c0 quelle heure t'es couch\u00e9 hier soir ?\n(R\u00e9ponds directement ici, ex: \"2h30\")\n\n\u2014 JARVIS","entities":[{"offset":2,"length":36,"type":"bold"},{"offset":72,"length":21,"type":"bold"},{"offset":311,"length":20,"type":"bold"},{"offset":386,"length":11,"type":"mention"},{"offset":451,"length":23,"type":"bold"},{"offset":493,"length":26,"type":"bold"},{"offset":613,"length":18,"type":"bold"}]}}
⚡ <b>JARVIS MORNING BRIEF — Mercredi 17 juin</b>

⚪ Pas de données pour hier.

🎯 <b>PRIORITÉS AUJOURD'HUI</b>
  1. 2 DMs outreach de qualité — commence maintenant.
  2. Bloc deep work 3h minimum — ferme les notifs, pas de réseaux avant 18h.
  3. Delivery Didier — avance sur la vidéo pre-call ou les stories cette semaine.

📞 <b>RELANCES AUJOURD'HUI</b>
  → Dayyan (non_qualifie_referral) — DM Wally Invest (@wallinvest?) — référal de Dayyan, potentiel SaaS CloseGuard
  → Léni Constantin (interested_follow_up) — Relance dans 2-3 semaines — attendre qu'il ait plus de clients avec son infopreneur

🔥 <b>Streak No PMO : 2 jours</b> — protège-le.

📋 <b>TÂCHES — ÉCHÉANCES PROCHES</b>
  → Faire la demande pour récupérer le permis de conduire — ⚠ En retard de 12 jour(s) !


😴 <b>Question sommeil :</b> À quelle heure t'es couché hier soir ?
(Réponds directement ici, ex: "2h30")

— JARVIS

--- Sending to Telegram ---
{"ok":true,"result":{"message_id":2043,"from":{"id":8997450587,"is_bot":true,"first_name":"Jarvis","username":"shayan_claude_bot"},"chat":{"id":5351269136,"first_name":"Drkflow","username":"drkfloww","type":"private"},"date":1781670606,"text":"\u26a1 JARVIS MORNING BRIEF \u2014 Mercredi 17 juin\n\n\u26aa Pas de donn\u00e9es pour hier.\n\n\ud83c\udfaf PRIORIT\u00c9S AUJOURD'HUI\n  1. 2 DMs outreach de qualit\u00e9 \u2014 commence maintenant.\n  2. Bloc deep work 3h minimum \u2014 ferme les notifs, pas de r\u00e9seaux avant 18h.\n  3. Delivery Didier \u2014 avance sur la vid\u00e9o pre-call ou les stories cette semaine.\n\n\ud83d\udcde RELANCES AUJOURD'HUI\n  \u2192 Dayyan (non_qualifie_referral) \u2014 DM Wally Invest (@wallinvest?) \u2014 r\u00e9f\u00e9ral de Dayyan, potentiel SaaS CloseGuard\n  \u2192 L\u00e9ni Constantin (interested_follow_up) \u2014 Relance dans 2-3 semaines \u2014 attendre qu'il ait plus de clients avec son infopreneur\n\n\ud83d\udd25 Streak No PMO : 2 jours \u2014 prot\u00e8ge-le.\n\n\ud83d\udccb T\u00c2CHES \u2014 \u00c9CH\u00c9ANCES PROCHES\n  \u2192 Faire la demande pour r\u00e9cup\u00e9rer le permis de conduire \u2014 \u26a0 En retard de 12 jour(s) !\n\n\n\ud83d\ude34 Question sommeil : \u00c0 quelle heure t'es couch\u00e9 hier soir ?\n(R\u00e9ponds directement ici, ex: \"2h30\")\n\n\u2014 JARVIS","entities":[{"offset":2,"length":39,"type":"bold"},{"offset":75,"length":21,"type":"bold"},{"offset":314,"length":20,"type":"bold"},{"offset":389,"length":11,"type":"mention"},{"offset":583,"length":23,"type":"bold"},{"offset":625,"length":26,"type":"bold"},{"offset":745,"length":18,"type":"bold"}]}}
⚡ <b>JARVIS MORNING BRIEF — Jeudi 18 juin</b>

⚪ Pas de données pour hier.

🎯 <b>PRIORITÉS AUJOURD'HUI</b>
  1. 2 DMs outreach de qualité — commence maintenant.
  2. Bloc deep work 3h minimum — ferme les notifs, pas de réseaux avant 18h.
  3. Delivery Didier — avance sur la vidéo pre-call ou les stories cette semaine.

📞 <b>RELANCES AUJOURD'HUI</b>
  → Dayyan (non_qualifie_referral) — DM Wally Invest (@wallinvest?) — référal de Dayyan, potentiel SaaS CloseGuard
  → Léni Constantin (interested_follow_up) — Relance dans 2-3 semaines — attendre qu'il ait plus de clients avec son infopreneur

🔥 <b>Streak No PMO : 2 jours</b> — protège-le.

📋 <b>TÂCHES — ÉCHÉANCES PROCHES</b>
  → Faire la demande pour récupérer le permis de conduire — ⚠ En retard de 13 jour(s) !


😴 <b>Question sommeil :</b> À quelle heure t'es couché hier soir ?
(Réponds directement ici, ex: "2h30")

— JARVIS

--- Sending to Telegram ---
{"ok":true,"result":{"message_id":2078,"from":{"id":8997450587,"is_bot":true,"first_name":"Jarvis","username":"shayan_claude_bot"},"chat":{"id":5351269136,"first_name":"Drkflow","username":"drkfloww","type":"private"},"date":1781757005,"text":"\u26a1 JARVIS MORNING BRIEF \u2014 Jeudi 18 juin\n\n\u26aa Pas de donn\u00e9es pour hier.\n\n\ud83c\udfaf PRIORIT\u00c9S AUJOURD'HUI\n  1. 2 DMs outreach de qualit\u00e9 \u2014 commence maintenant.\n  2. Bloc deep work 3h minimum \u2014 ferme les notifs, pas de r\u00e9seaux avant 18h.\n  3. Delivery Didier \u2014 avance sur la vid\u00e9o pre-call ou les stories cette semaine.\n\n\ud83d\udcde RELANCES AUJOURD'HUI\n  \u2192 Dayyan (non_qualifie_referral) \u2014 DM Wally Invest (@wallinvest?) \u2014 r\u00e9f\u00e9ral de Dayyan, potentiel SaaS CloseGuard\n  \u2192 L\u00e9ni Constantin (interested_follow_up) \u2014 Relance dans 2-3 semaines \u2014 attendre qu'il ait plus de clients avec son infopreneur\n\n\ud83d\udd25 Streak No PMO : 2 jours \u2014 prot\u00e8ge-le.\n\n\ud83d\udccb T\u00c2CHES \u2014 \u00c9CH\u00c9ANCES PROCHES\n  \u2192 Faire la demande pour r\u00e9cup\u00e9rer le permis de conduire \u2014 \u26a0 En retard de 13 jour(s) !\n\n\n\ud83d\ude34 Question sommeil : \u00c0 quelle heure t'es couch\u00e9 hier soir ?\n(R\u00e9ponds directement ici, ex: \"2h30\")\n\n\u2014 JARVIS","entities":[{"offset":2,"length":36,"type":"bold"},{"offset":72,"length":21,"type":"bold"},{"offset":311,"length":20,"type":"bold"},{"offset":386,"length":11,"type":"mention"},{"offset":580,"length":23,"type":"bold"},{"offset":622,"length":26,"type":"bold"},{"offset":742,"length":18,"type":"bold"}]}}
⚡ <b>JARVIS MORNING BRIEF — Vendredi 19 juin</b>

⚪ Pas de données pour hier.

🎯 <b>PRIORITÉS AUJOURD'HUI</b>
  1. 2 DMs outreach de qualité — commence maintenant.
  2. Bloc deep work 3h minimum — ferme les notifs, pas de réseaux avant 18h.
  3. Delivery Didier — avance sur la vidéo pre-call ou les stories cette semaine.

📞 <b>RELANCES AUJOURD'HUI</b>
  → Dayyan (non_qualifie_referral) — DM Wally Invest (@wallinvest?) — référal de Dayyan, potentiel SaaS CloseGuard
  → Léni Constantin (interested_follow_up) — Relance dans 2-3 semaines — attendre qu'il ait plus de clients avec son infopreneur

🔥 <b>Streak No PMO : 2 jours</b> — protège-le.

📋 <b>TÂCHES — ÉCHÉANCES PROCHES</b>
  → Faire la demande pour récupérer le permis de conduire — ⚠ En retard de 14 jour(s) !


😴 <b>Question sommeil :</b> À quelle heure t'es couché hier soir ?
(Réponds directement ici, ex: "2h30")

— JARVIS

--- Sending to Telegram ---

⚡ <b>JARVIS MORNING BRIEF — Samedi 20 juin</b>

⚪ Pas de données pour hier.

🎯 <b>PRIORITÉS AUJOURD'HUI</b>
  1. 2 DMs outreach de qualité — commence maintenant.
  2. Bloc deep work 3h minimum — ferme les notifs, pas de réseaux avant 18h.
  3. Delivery Didier — avance sur la vidéo pre-call ou les stories cette semaine.

📞 <b>RELANCES AUJOURD'HUI</b>
  → Dayyan (non_qualifie_referral) — DM Wally Invest (@wallinvest?) — référal de Dayyan, potentiel SaaS CloseGuard
  → Léni Constantin (interested_follow_up) — Relance dans 2-3 semaines — attendre qu'il ait plus de clients avec son infopreneur

🔥 <b>Streak No PMO : 2 jours</b> — protège-le.

📋 <b>TÂCHES — ÉCHÉANCES PROCHES</b>
  → Faire la demande pour récupérer le permis de conduire — ⚠ En retard de 15 jour(s) !


😴 <b>Question sommeil :</b> À quelle heure t'es couché hier soir ?
(Réponds directement ici, ex: "2h30")

— JARVIS

--- Sending to Telegram ---
{"ok":true,"result":{"message_id":2187,"from":{"id":8997450587,"is_bot":true,"first_name":"Jarvis","username":"shayan_claude_bot"},"chat":{"id":5351269136,"first_name":"Drkflow","username":"drkfloww","type":"private"},"date":1781929806,"text":"\u26a1 JARVIS MORNING BRIEF \u2014 Samedi 20 juin\n\n\u26aa Pas de donn\u00e9es pour hier.\n\n\ud83c\udfaf PRIORIT\u00c9S AUJOURD'HUI\n  1. 2 DMs outreach de qualit\u00e9 \u2014 commence maintenant.\n  2. Bloc deep work 3h minimum \u2014 ferme les notifs, pas de r\u00e9seaux avant 18h.\n  3. Delivery Didier \u2014 avance sur la vid\u00e9o pre-call ou les stories cette semaine.\n\n\ud83d\udcde RELANCES AUJOURD'HUI\n  \u2192 Dayyan (non_qualifie_referral) \u2014 DM Wally Invest (@wallinvest?) \u2014 r\u00e9f\u00e9ral de Dayyan, potentiel SaaS CloseGuard\n  \u2192 L\u00e9ni Constantin (interested_follow_up) \u2014 Relance dans 2-3 semaines \u2014 attendre qu'il ait plus de clients avec son infopreneur\n\n\ud83d\udd25 Streak No PMO : 2 jours \u2014 prot\u00e8ge-le.\n\n\ud83d\udccb T\u00c2CHES \u2014 \u00c9CH\u00c9ANCES PROCHES\n  \u2192 Faire la demande pour r\u00e9cup\u00e9rer le permis de conduire \u2014 \u26a0 En retard de 15 jour(s) !\n\n\n\ud83d\ude34 Question sommeil : \u00c0 quelle heure t'es couch\u00e9 hier soir ?\n(R\u00e9ponds directement ici, ex: \"2h30\")\n\n\u2014 JARVIS","entities":[{"offset":2,"length":37,"type":"bold"},{"offset":73,"length":21,"type":"bold"},{"offset":312,"length":20,"type":"bold"},{"offset":387,"length":11,"type":"mention"},{"offset":581,"length":23,"type":"bold"},{"offset":623,"length":26,"type":"bold"},{"offset":743,"length":18,"type":"bold"}]}}
⚡ <b>JARVIS MORNING BRIEF — Dimanche 21 juin</b>

⚪ Pas de données pour hier.

🎯 <b>PRIORITÉS AUJOURD'HUI</b>
  1. 2 DMs outreach de qualité — commence maintenant.
  2. Bloc deep work 3h minimum — ferme les notifs, pas de réseaux avant 18h.
  3. Delivery Didier — avance sur la vidéo pre-call ou les stories cette semaine.

📞 <b>RELANCES AUJOURD'HUI</b>
  → Dayyan (non_qualifie_referral) — DM Wally Invest (@wallinvest?) — référal de Dayyan, potentiel SaaS CloseGuard
  → Léni Constantin (interested_follow_up) — Relance dans 2-3 semaines — attendre qu'il ait plus de clients avec son infopreneur

🔥 <b>Streak No PMO : 2 jours</b> — protège-le.

📋 <b>TÂCHES — ÉCHÉANCES PROCHES</b>
  → Faire la demande pour récupérer le permis de conduire — ⚠ En retard de 16 jour(s) !


😴 <b>Question sommeil :</b> À quelle heure t'es couché hier soir ?
(Réponds directement ici, ex: "2h30")

— JARVIS

--- Sending to Telegram ---
{"ok":true,"result":{"message_id":2205,"from":{"id":8997450587,"is_bot":true,"first_name":"Jarvis","username":"shayan_claude_bot"},"chat":{"id":5351269136,"first_name":"Drkflow","username":"drkfloww","type":"private"},"date":1782016206,"text":"\u26a1 JARVIS MORNING BRIEF \u2014 Dimanche 21 juin\n\n\u26aa Pas de donn\u00e9es pour hier.\n\n\ud83c\udfaf PRIORIT\u00c9S AUJOURD'HUI\n  1. 2 DMs outreach de qualit\u00e9 \u2014 commence maintenant.\n  2. Bloc deep work 3h minimum \u2014 ferme les notifs, pas de r\u00e9seaux avant 18h.\n  3. Delivery Didier \u2014 avance sur la vid\u00e9o pre-call ou les stories cette semaine.\n\n\ud83d\udcde RELANCES AUJOURD'HUI\n  \u2192 Dayyan (non_qualifie_referral) \u2014 DM Wally Invest (@wallinvest?) \u2014 r\u00e9f\u00e9ral de Dayyan, potentiel SaaS CloseGuard\n  \u2192 L\u00e9ni Constantin (interested_follow_up) \u2014 Relance dans 2-3 semaines \u2014 attendre qu'il ait plus de clients avec son infopreneur\n\n\ud83d\udd25 Streak No PMO : 2 jours \u2014 prot\u00e8ge-le.\n\n\ud83d\udccb T\u00c2CHES \u2014 \u00c9CH\u00c9ANCES PROCHES\n  \u2192 Faire la demande pour r\u00e9cup\u00e9rer le permis de conduire \u2014 \u26a0 En retard de 16 jour(s) !\n\n\n\ud83d\ude34 Question sommeil : \u00c0 quelle heure t'es couch\u00e9 hier soir ?\n(R\u00e9ponds directement ici, ex: \"2h30\")\n\n\u2014 JARVIS","entities":[{"offset":2,"length":39,"type":"bold"},{"offset":75,"length":21,"type":"bold"},{"offset":314,"length":20,"type":"bold"},{"offset":389,"length":11,"type":"mention"},{"offset":583,"length":23,"type":"bold"},{"offset":625,"length":26,"type":"bold"},{"offset":745,"length":18,"type":"bold"}]}}
⚡ <b>JARVIS MORNING BRIEF — Lundi 22 juin</b>

⚪ Pas de données pour hier.

🎯 <b>PRIORITÉS AUJOURD'HUI</b>
  1. 2 DMs outreach de qualité — commence maintenant.
  2. Bloc deep work 3h minimum — ferme les notifs, pas de réseaux avant 18h.
  3. Delivery Didier — avance sur la vidéo pre-call ou les stories cette semaine.

📞 <b>RELANCES AUJOURD'HUI</b>
  → Dayyan (non_qualifie_referral) — DM Wally Invest (@wallinvest?) — référal de Dayyan, potentiel SaaS CloseGuard
  → Léni Constantin (interested_follow_up) — Relance dans 2-3 semaines — attendre qu'il ait plus de clients avec son infopreneur

🔥 <b>Streak No PMO : 2 jours</b> — protège-le.

📋 <b>TÂCHES — ÉCHÉANCES PROCHES</b>
  → Faire la demande pour récupérer le permis de conduire — ⚠ En retard de 17 jour(s) !


😴 <b>Question sommeil :</b> À quelle heure t'es couché hier soir ?
(Réponds directement ici, ex: "2h30")

— JARVIS

--- Sending to Telegram ---
{"ok":true,"result":{"message_id":2244,"from":{"id":8997450587,"is_bot":true,"first_name":"Jarvis","username":"shayan_claude_bot"},"chat":{"id":5351269136,"first_name":"Drkflow","username":"drkfloww","type":"private"},"date":1782102606,"text":"\u26a1 JARVIS MORNING BRIEF \u2014 Lundi 22 juin\n\n\u26aa Pas de donn\u00e9es pour hier.\n\n\ud83c\udfaf PRIORIT\u00c9S AUJOURD'HUI\n  1. 2 DMs outreach de qualit\u00e9 \u2014 commence maintenant.\n  2. Bloc deep work 3h minimum \u2014 ferme les notifs, pas de r\u00e9seaux avant 18h.\n  3. Delivery Didier \u2014 avance sur la vid\u00e9o pre-call ou les stories cette semaine.\n\n\ud83d\udcde RELANCES AUJOURD'HUI\n  \u2192 Dayyan (non_qualifie_referral) \u2014 DM Wally Invest (@wallinvest?) \u2014 r\u00e9f\u00e9ral de Dayyan, potentiel SaaS CloseGuard\n  \u2192 L\u00e9ni Constantin (interested_follow_up) \u2014 Relance dans 2-3 semaines \u2014 attendre qu'il ait plus de clients avec son infopreneur\n\n\ud83d\udd25 Streak No PMO : 2 jours \u2014 prot\u00e8ge-le.\n\n\ud83d\udccb T\u00c2CHES \u2014 \u00c9CH\u00c9ANCES PROCHES\n  \u2192 Faire la demande pour r\u00e9cup\u00e9rer le permis de conduire \u2014 \u26a0 En retard de 17 jour(s) !\n\n\n\ud83d\ude34 Question sommeil : \u00c0 quelle heure t'es couch\u00e9 hier soir ?\n(R\u00e9ponds directement ici, ex: \"2h30\")\n\n\u2014 JARVIS","entities":[{"offset":2,"length":36,"type":"bold"},{"offset":72,"length":21,"type":"bold"},{"offset":311,"length":20,"type":"bold"},{"offset":386,"length":11,"type":"mention"},{"offset":580,"length":23,"type":"bold"},{"offset":622,"length":26,"type":"bold"},{"offset":742,"length":18,"type":"bold"}]}}
⚡ <b>JARVIS MORNING BRIEF — Mardi 23 juin</b>

⚪ Pas de données pour hier.

🎯 <b>PRIORITÉS AUJOURD'HUI</b>
  1. 2 DMs outreach de qualité — commence maintenant.
  2. Bloc deep work 3h minimum — ferme les notifs, pas de réseaux avant 18h.
  3. Delivery Didier — avance sur la vidéo pre-call ou les stories cette semaine.

📞 <b>RELANCES AUJOURD'HUI</b>
  → Dayyan (non_qualifie_referral) — DM Wally Invest (@wallinvest?) — référal de Dayyan, potentiel SaaS CloseGuard
  → Léni Constantin (interested_follow_up) — Relance dans 2-3 semaines — attendre qu'il ait plus de clients avec son infopreneur

🔥 <b>Streak No PMO : 2 jours</b> — protège-le.

📋 <b>TÂCHES — ÉCHÉANCES PROCHES</b>
  → Faire la demande pour récupérer le permis de conduire — ⚠ En retard de 18 jour(s) !


😴 <b>Question sommeil :</b> À quelle heure t'es couché hier soir ?
(Réponds directement ici, ex: "2h30")

— JARVIS

--- Sending to Telegram ---

⚡ <b>JARVIS MORNING BRIEF — Mercredi 24 juin</b>

⚪ Pas de données pour hier.

🎯 <b>PRIORITÉS AUJOURD'HUI</b>
  1. 2 DMs outreach de qualité — commence maintenant.
  2. Bloc deep work 3h minimum — ferme les notifs, pas de réseaux avant 18h.
  3. Delivery Didier — avance sur la vidéo pre-call ou les stories cette semaine.

📞 <b>RELANCES AUJOURD'HUI</b>
  → Dayyan (non_qualifie_referral) — DM Wally Invest (@wallinvest?) — référal de Dayyan, potentiel SaaS CloseGuard
  → Léni Constantin (interested_follow_up) — Relance dans 2-3 semaines — attendre qu'il ait plus de clients avec son infopreneur

🔥 <b>Streak No PMO : 2 jours</b> — protège-le.

📋 <b>TÂCHES — ÉCHÉANCES PROCHES</b>
  → Faire la demande pour récupérer le permis de conduire — ⚠ En retard de 19 jour(s) !


😴 <b>Question sommeil :</b> À quelle heure t'es couché hier soir ?
(Réponds directement ici, ex: "2h30")

— JARVIS

--- Sending to Telegram ---
{"ok":true,"result":{"message_id":2283,"from":{"id":8997450587,"is_bot":true,"first_name":"Jarvis","username":"shayan_claude_bot"},"chat":{"id":5351269136,"first_name":"Drkflow","username":"drkfloww","type":"private"},"date":1782275406,"text":"\u26a1 JARVIS MORNING BRIEF \u2014 Mercredi 24 juin\n\n\u26aa Pas de donn\u00e9es pour hier.\n\n\ud83c\udfaf PRIORIT\u00c9S AUJOURD'HUI\n  1. 2 DMs outreach de qualit\u00e9 \u2014 commence maintenant.\n  2. Bloc deep work 3h minimum \u2014 ferme les notifs, pas de r\u00e9seaux avant 18h.\n  3. Delivery Didier \u2014 avance sur la vid\u00e9o pre-call ou les stories cette semaine.\n\n\ud83d\udcde RELANCES AUJOURD'HUI\n  \u2192 Dayyan (non_qualifie_referral) \u2014 DM Wally Invest (@wallinvest?) \u2014 r\u00e9f\u00e9ral de Dayyan, potentiel SaaS CloseGuard\n  \u2192 L\u00e9ni Constantin (interested_follow_up) \u2014 Relance dans 2-3 semaines \u2014 attendre qu'il ait plus de clients avec son infopreneur\n\n\ud83d\udd25 Streak No PMO : 2 jours \u2014 prot\u00e8ge-le.\n\n\ud83d\udccb T\u00c2CHES \u2014 \u00c9CH\u00c9ANCES PROCHES\n  \u2192 Faire la demande pour r\u00e9cup\u00e9rer le permis de conduire \u2014 \u26a0 En retard de 19 jour(s) !\n\n\n\ud83d\ude34 Question sommeil : \u00c0 quelle heure t'es couch\u00e9 hier soir ?\n(R\u00e9ponds directement ici, ex: \"2h30\")\n\n\u2014 JARVIS","entities":[{"offset":2,"length":39,"type":"bold"},{"offset":75,"length":21,"type":"bold"},{"offset":314,"length":20,"type":"bold"},{"offset":389,"length":11,"type":"mention"},{"offset":583,"length":23,"type":"bold"},{"offset":625,"length":26,"type":"bold"},{"offset":745,"length":18,"type":"bold"}]}}
⚡ <b>JARVIS MORNING BRIEF — Jeudi 25 juin</b>

🔴 <b>Hier : 25/100 — FAIBLE</b>
  DMs 0/2 | Gym ✗ | Fajr ✓ | Deep work 2h | No PMO ✓

🚨 <b>POINTS CRITIQUES</b>
  💬 0 DMs hier — l'outreach n'a pas été fait. C'est la priorité #1 ce matin.
  🍔 Goyslop hier — discipline absolue aujourd'hui.

🎯 <b>PRIORITÉS AUJOURD'HUI</b>
  1. 2 DMs outreach de qualité — ciblés, personnalisés, à fort levier.
  2. Bloc deep work 3h minimum — ferme les notifs, pas de réseaux avant 18h.
  3. Delivery Didier — avance sur la vidéo pre-call ou les stories cette semaine.

📞 <b>RELANCES AUJOURD'HUI</b>
  → Dayyan (non_qualifie_referral) — DM Wally Invest (@wallinvest?) — référal de Dayyan, potentiel SaaS CloseGuard
  → Léni Constantin (interested_follow_up) — Relance dans 2-3 semaines — attendre qu'il ait plus de clients avec son infopreneur

🔥 <b>Streak No PMO : 3 jours</b> — protège-le.

📋 <b>TÂCHES — ÉCHÉANCES PROCHES</b>
  → Faire la demande pour récupérer le permis de conduire — ⚠ En retard de 20 jour(s) !


😴 <b>Question sommeil :</b> À quelle heure t'es couché hier soir ?
(Réponds directement ici, ex: "2h30")

— JARVIS

--- Sending to Telegram ---
{"ok":true,"result":{"message_id":2297,"from":{"id":8997450587,"is_bot":true,"first_name":"Jarvis","username":"shayan_claude_bot"},"chat":{"id":5351269136,"first_name":"Drkflow","username":"drkfloww","type":"private"},"date":1782361803,"text":"\u26a1 JARVIS MORNING BRIEF \u2014 Jeudi 25 juin\n\n\ud83d\udd34 Hier : 25/100 \u2014 FAIBLE\n  DMs 0/2 | Gym \u2717 | Fajr \u2713 | Deep work 2h | No PMO \u2713\n\n\ud83d\udea8 POINTS CRITIQUES\n  \ud83d\udcac 0 DMs hier \u2014 l'outreach n'a pas \u00e9t\u00e9 fait. C'est la priorit\u00e9 #1 ce matin.\n  \ud83c\udf54 Goyslop hier \u2014 discipline absolue aujourd'hui.\n\n\ud83c\udfaf PRIORIT\u00c9S AUJOURD'HUI\n  1. 2 DMs outreach de qualit\u00e9 \u2014 cibl\u00e9s, personnalis\u00e9s, \u00e0 fort levier.\n  2. Bloc deep work 3h minimum \u2014 ferme les notifs, pas de r\u00e9seaux avant 18h.\n  3. Delivery Didier \u2014 avance sur la vid\u00e9o pre-call ou les stories cette semaine.\n\n\ud83d\udcde RELANCES AUJOURD'HUI\n  \u2192 Dayyan (non_qualifie_referral) \u2014 DM Wally Invest (@wallinvest?) \u2014 r\u00e9f\u00e9ral de Dayyan, potentiel SaaS CloseGuard\n  \u2192 L\u00e9ni Constantin (interested_follow_up) \u2014 Relance dans 2-3 semaines \u2014 attendre qu'il ait plus de clients avec son infopreneur\n\n\ud83d\udd25 Streak No PMO : 3 jours \u2014 prot\u00e8ge-le.\n\n\ud83d\udccb T\u00c2CHES \u2014 \u00c9CH\u00c9ANCES PROCHES\n  \u2192 Faire la demande pour r\u00e9cup\u00e9rer le permis de conduire \u2014 \u26a0 En retard de 20 jour(s) !\n\n\n\ud83d\ude34 Question sommeil : \u00c0 quelle heure t'es couch\u00e9 hier soir ?\n(R\u00e9ponds directement ici, ex: \"2h30\")\n\n\u2014 JARVIS","entities":[{"offset":2,"length":36,"type":"bold"},{"offset":43,"length":22,"type":"bold"},{"offset":123,"length":16,"type":"bold"},{"offset":274,"length":21,"type":"bold"},{"offset":530,"length":20,"type":"bold"},{"offset":605,"length":11,"type":"mention"},{"offset":799,"length":23,"type":"bold"},{"offset":841,"length":26,"type":"bold"},{"offset":961,"length":18,"type":"bold"}]}}
⚡ <b>JARVIS MORNING BRIEF — Vendredi 26 juin</b>

🔴 <b>Hier : 24/100 — FAIBLE</b>
  DMs 0/2 | Gym ✓ | Fajr ✗ | Deep work 0h | No PMO ✓

🚨 <b>POINTS CRITIQUES</b>
  ☾ Fajr raté hier — c'est la base. Couche-toi avant 23h ce soir.
  💬 0 DMs hier — l'outreach n'a pas été fait. C'est la priorité #1 ce matin.
  📱 3h10 de réseaux hier — laisse ton téléphone jusqu'à 18h.
  🍔 Goyslop hier — discipline absolue aujourd'hui.

🎯 <b>PRIORITÉS AUJOURD'HUI</b>
  1. 2 DMs outreach de qualité — ciblés, personnalisés, à fort levier.
  2. Bloc deep work 3h minimum — ferme les notifs, pas de réseaux avant 18h.
  3. Delivery Didier — avance sur la vidéo pre-call ou les stories cette semaine.

📞 <b>RELANCES AUJOURD'HUI</b>
  → Dayyan (non_qualifie_referral) — DM Wally Invest (@wallinvest?) — référal de Dayyan, potentiel SaaS CloseGuard
  → Léni Constantin (interested_follow_up) — Relance dans 2-3 semaines — attendre qu'il ait plus de clients avec son infopreneur

🔥 <b>Streak No PMO : 4 jours</b> — protège-le.

📋 <b>TÂCHES — ÉCHÉANCES PROCHES</b>
  → Faire la demande pour récupérer le permis de conduire — ⚠ En retard de 21 jour(s) !


😴 <b>Question sommeil :</b> À quelle heure t'es couché hier soir ?
(Réponds directement ici, ex: "2h30")

— JARVIS

--- Sending to Telegram ---
{"ok":true,"result":{"message_id":2318,"from":{"id":8997450587,"is_bot":true,"first_name":"Jarvis","username":"shayan_claude_bot"},"chat":{"id":5351269136,"first_name":"Drkflow","username":"drkfloww","type":"private"},"date":1782448205,"text":"\u26a1 JARVIS MORNING BRIEF \u2014 Vendredi 26 juin\n\n\ud83d\udd34 Hier : 24/100 \u2014 FAIBLE\n  DMs 0/2 | Gym \u2713 | Fajr \u2717 | Deep work 0h | No PMO \u2713\n\n\ud83d\udea8 POINTS CRITIQUES\n  \u263e Fajr rat\u00e9 hier \u2014 c'est la base. Couche-toi avant 23h ce soir.\n  \ud83d\udcac 0 DMs hier \u2014 l'outreach n'a pas \u00e9t\u00e9 fait. C'est la priorit\u00e9 #1 ce matin.\n  \ud83d\udcf1 3h10 de r\u00e9seaux hier \u2014 laisse ton t\u00e9l\u00e9phone jusqu'\u00e0 18h.\n  \ud83c\udf54 Goyslop hier \u2014 discipline absolue aujourd'hui.\n\n\ud83c\udfaf PRIORIT\u00c9S AUJOURD'HUI\n  1. 2 DMs outreach de qualit\u00e9 \u2014 cibl\u00e9s, personnalis\u00e9s, \u00e0 fort levier.\n  2. Bloc deep work 3h minimum \u2014 ferme les notifs, pas de r\u00e9seaux avant 18h.\n  3. Delivery Didier \u2014 avance sur la vid\u00e9o pre-call ou les stories cette semaine.\n\n\ud83d\udcde RELANCES AUJOURD'HUI\n  \u2192 Dayyan (non_qualifie_referral) \u2014 DM Wally Invest (@wallinvest?) \u2014 r\u00e9f\u00e9ral de Dayyan, potentiel SaaS CloseGuard\n  \u2192 L\u00e9ni Constantin (interested_follow_up) \u2014 Relance dans 2-3 semaines \u2014 attendre qu'il ait plus de clients avec son infopreneur\n\n\ud83d\udd25 Streak No PMO : 4 jours \u2014 prot\u00e8ge-le.\n\n\ud83d\udccb T\u00c2CHES \u2014 \u00c9CH\u00c9ANCES PROCHES\n  \u2192 Faire la demande pour r\u00e9cup\u00e9rer le permis de conduire \u2014 \u26a0 En retard de 21 jour(s) !\n\n\n\ud83d\ude34 Question sommeil : \u00c0 quelle heure t'es couch\u00e9 hier soir ?\n(R\u00e9ponds directement ici, ex: \"2h30\")\n\n\u2014 JARVIS","entities":[{"offset":2,"length":39,"type":"bold"},{"offset":46,"length":22,"type":"bold"},{"offset":126,"length":16,"type":"bold"},{"offset":405,"length":21,"type":"bold"},{"offset":661,"length":20,"type":"bold"},{"offset":736,"length":11,"type":"mention"},{"offset":930,"length":23,"type":"bold"},{"offset":972,"length":26,"type":"bold"},{"offset":1092,"length":18,"type":"bold"}]}}
⚡ <b>JARVIS MORNING BRIEF — Samedi 27 juin</b>

🔴 <b>Hier : 29/100 — FAIBLE</b>
  DMs 0/2 | Gym ✓ | Fajr ✗ | Deep work 0h | No PMO ✓

🚨 <b>POINTS CRITIQUES</b>
  ☾ Fajr raté hier — c'est la base. Couche-toi avant 23h ce soir.
  💬 0 DMs hier — l'outreach n'a pas été fait. C'est la priorité #1 ce matin.
  🍔 Goyslop hier — discipline absolue aujourd'hui.

🎯 <b>PRIORITÉS AUJOURD'HUI</b>
  1. 2 DMs outreach de qualité — ciblés, personnalisés, à fort levier.
  2. Bloc deep work 3h minimum — ferme les notifs, pas de réseaux avant 18h.
  3. Delivery Didier — avance sur la vidéo pre-call ou les stories cette semaine.

📞 <b>RELANCES AUJOURD'HUI</b>
  → Dayyan (non_qualifie_referral) — DM Wally Invest (@wallinvest?) — référal de Dayyan, potentiel SaaS CloseGuard
  → Léni Constantin (interested_follow_up) — Relance dans 2-3 semaines — attendre qu'il ait plus de clients avec son infopreneur

🔥 <b>Streak No PMO : 5 jours</b> — protège-le.

📋 <b>TÂCHES — ÉCHÉANCES PROCHES</b>
  → Faire la demande pour récupérer le permis de conduire — ⚠ En retard de 22 jour(s) !


😴 <b>Question sommeil :</b> À quelle heure t'es couché hier soir ?
(Réponds directement ici, ex: "2h30")

— JARVIS

--- Sending to Telegram ---
{"ok":true,"result":{"message_id":2329,"from":{"id":8997450587,"is_bot":true,"first_name":"Jarvis","username":"shayan_claude_bot"},"chat":{"id":5351269136,"first_name":"Drkflow","username":"drkfloww","type":"private"},"date":1782534600,"text":"\u26a1 JARVIS MORNING BRIEF \u2014 Samedi 27 juin\n\n\ud83d\udd34 Hier : 29/100 \u2014 FAIBLE\n  DMs 0/2 | Gym \u2713 | Fajr \u2717 | Deep work 0h | No PMO \u2713\n\n\ud83d\udea8 POINTS CRITIQUES\n  \u263e Fajr rat\u00e9 hier \u2014 c'est la base. Couche-toi avant 23h ce soir.\n  \ud83d\udcac 0 DMs hier \u2014 l'outreach n'a pas \u00e9t\u00e9 fait. C'est la priorit\u00e9 #1 ce matin.\n  \ud83c\udf54 Goyslop hier \u2014 discipline absolue aujourd'hui.\n\n\ud83c\udfaf PRIORIT\u00c9S AUJOURD'HUI\n  1. 2 DMs outreach de qualit\u00e9 \u2014 cibl\u00e9s, personnalis\u00e9s, \u00e0 fort levier.\n  2. Bloc deep work 3h minimum \u2014 ferme les notifs, pas de r\u00e9seaux avant 18h.\n  3. Delivery Didier \u2014 avance sur la vid\u00e9o pre-call ou les stories cette semaine.\n\n\ud83d\udcde RELANCES AUJOURD'HUI\n  \u2192 Dayyan (non_qualifie_referral) \u2014 DM Wally Invest (@wallinvest?) \u2014 r\u00e9f\u00e9ral de Dayyan, potentiel SaaS CloseGuard\n  \u2192 L\u00e9ni Constantin (interested_follow_up) \u2014 Relance dans 2-3 semaines \u2014 attendre qu'il ait plus de clients avec son infopreneur\n\n\ud83d\udd25 Streak No PMO : 5 jours \u2014 prot\u00e8ge-le.\n\n\ud83d\udccb T\u00c2CHES \u2014 \u00c9CH\u00c9ANCES PROCHES\n  \u2192 Faire la demande pour r\u00e9cup\u00e9rer le permis de conduire \u2014 \u26a0 En retard de 22 jour(s) !\n\n\n\ud83d\ude34 Question sommeil : \u00c0 quelle heure t'es couch\u00e9 hier soir ?\n(R\u00e9ponds directement ici, ex: \"2h30\")\n\n\u2014 JARVIS","entities":[{"offset":2,"length":37,"type":"bold"},{"offset":44,"length":22,"type":"bold"},{"offset":124,"length":16,"type":"bold"},{"offset":341,"length":21,"type":"bold"},{"offset":597,"length":20,"type":"bold"},{"offset":672,"length":11,"type":"mention"},{"offset":866,"length":23,"type":"bold"},{"offset":908,"length":26,"type":"bold"},{"offset":1028,"length":18,"type":"bold"}]}}
⚡ <b>JARVIS MORNING BRIEF — Dimanche 28 juin</b>

🔴 <b>Hier : 17/100 — FAIBLE</b>
  DMs 0/2 | Gym ✗ | Fajr ✗ | Deep work 0h | No PMO ✗

🚨 <b>POINTS CRITIQUES</b>
  ☾ Fajr raté hier — c'est la base. Couche-toi avant 23h ce soir.
  💬 0 DMs hier — l'outreach n'a pas été fait. C'est la priorité #1 ce matin.
  📱 3h04 de réseaux hier — laisse ton téléphone jusqu'à 18h.
  🍔 Goyslop hier — discipline absolue aujourd'hui.

🎯 <b>PRIORITÉS AUJOURD'HUI</b>
  1. 2 DMs outreach de qualité — ciblés, personnalisés, à fort levier.
  2. Bloc deep work 3h minimum — ferme les notifs, pas de réseaux avant 18h.
  3. Delivery Didier — avance sur la vidéo pre-call ou les stories cette semaine.

📞 <b>RELANCES AUJOURD'HUI</b>
  → Dayyan (non_qualifie_referral) — DM Wally Invest (@wallinvest?) — référal de Dayyan, potentiel SaaS CloseGuard
  → Léni Constantin (interested_follow_up) — Relance dans 2-3 semaines — attendre qu'il ait plus de clients avec son infopreneur

⚡ Streak No PMO : 0 — aujourd'hui ça recommence.

📋 <b>TÂCHES — ÉCHÉANCES PROCHES</b>
  → Faire la demande pour récupérer le permis de conduire — ⚠ En retard de 23 jour(s) !
  → Refaire un nouveau passeport — Dans 3 jours (2026-07-01)


😴 <b>Question sommeil :</b> À quelle heure t'es couché hier soir ?
(Réponds directement ici, ex: "2h30")

— JARVIS

--- Sending to Telegram ---
{"ok":true,"result":{"message_id":2354,"from":{"id":8997450587,"is_bot":true,"first_name":"Jarvis","username":"shayan_claude_bot"},"chat":{"id":5351269136,"first_name":"Drkflow","username":"drkfloww","type":"private"},"date":1782621009,"text":"\u26a1 JARVIS MORNING BRIEF \u2014 Dimanche 28 juin\n\n\ud83d\udd34 Hier : 17/100 \u2014 FAIBLE\n  DMs 0/2 | Gym \u2717 | Fajr \u2717 | Deep work 0h | No PMO \u2717\n\n\ud83d\udea8 POINTS CRITIQUES\n  \u263e Fajr rat\u00e9 hier \u2014 c'est la base. Couche-toi avant 23h ce soir.\n  \ud83d\udcac 0 DMs hier \u2014 l'outreach n'a pas \u00e9t\u00e9 fait. C'est la priorit\u00e9 #1 ce matin.\n  \ud83d\udcf1 3h04 de r\u00e9seaux hier \u2014 laisse ton t\u00e9l\u00e9phone jusqu'\u00e0 18h.\n  \ud83c\udf54 Goyslop hier \u2014 discipline absolue aujourd'hui.\n\n\ud83c\udfaf PRIORIT\u00c9S AUJOURD'HUI\n  1. 2 DMs outreach de qualit\u00e9 \u2014 cibl\u00e9s, personnalis\u00e9s, \u00e0 fort levier.\n  2. Bloc deep work 3h minimum \u2014 ferme les notifs, pas de r\u00e9seaux avant 18h.\n  3. Delivery Didier \u2014 avance sur la vid\u00e9o pre-call ou les stories cette semaine.\n\n\ud83d\udcde RELANCES AUJOURD'HUI\n  \u2192 Dayyan (non_qualifie_referral) \u2014 DM Wally Invest (@wallinvest?) \u2014 r\u00e9f\u00e9ral de Dayyan, potentiel SaaS CloseGuard\n  \u2192 L\u00e9ni Constantin (interested_follow_up) \u2014 Relance dans 2-3 semaines \u2014 attendre qu'il ait plus de clients avec son infopreneur\n\n\u26a1 Streak No PMO : 0 \u2014 aujourd'hui \u00e7a recommence.\n\n\ud83d\udccb T\u00c2CHES \u2014 \u00c9CH\u00c9ANCES PROCHES\n  \u2192 Faire la demande pour r\u00e9cup\u00e9rer le permis de conduire \u2014 \u26a0 En retard de 23 jour(s) !\n  \u2192 Refaire un nouveau passeport \u2014 Dans 3 jours (2026-07-01)\n\n\n\ud83d\ude34 Question sommeil : \u00c0 quelle heure t'es couch\u00e9 hier soir ?\n(R\u00e9ponds directement ici, ex: \"2h30\")\n\n\u2014 JARVIS","entities":[{"offset":2,"length":39,"type":"bold"},{"offset":46,"length":22,"type":"bold"},{"offset":126,"length":16,"type":"bold"},{"offset":405,"length":21,"type":"bold"},{"offset":661,"length":20,"type":"bold"},{"offset":736,"length":11,"type":"mention"},{"offset":980,"length":26,"type":"bold"},{"offset":1161,"length":18,"type":"bold"}]}}
⚡ <b>JARVIS MORNING BRIEF — Lundi 29 juin</b>

⚪ Pas de données pour hier.

🎯 <b>PRIORITÉS AUJOURD'HUI</b>
  1. 2 DMs outreach de qualité — commence maintenant.
  2. Bloc deep work 3h minimum — ferme les notifs, pas de réseaux avant 18h.
  3. Delivery Didier — avance sur la vidéo pre-call ou les stories cette semaine.

📞 <b>RELANCES AUJOURD'HUI</b>
  → Dayyan (non_qualifie_referral) — DM Wally Invest (@wallinvest?) — référal de Dayyan, potentiel SaaS CloseGuard
  → Léni Constantin (interested_follow_up) — Relance dans 2-3 semaines — attendre qu'il ait plus de clients avec son infopreneur

⚡ Streak No PMO : 0 — aujourd'hui ça recommence.

📋 <b>TÂCHES — ÉCHÉANCES PROCHES</b>
  → Faire la demande pour récupérer le permis de conduire — ⚠ En retard de 24 jour(s) !
  → Refaire un nouveau passeport — Dans 2 jours (2026-07-01)


😴 <b>Question sommeil :</b> À quelle heure t'es couché hier soir ?
(Réponds directement ici, ex: "2h30")

— JARVIS

--- Sending to Telegram ---
{"ok":true,"result":{"message_id":2369,"from":{"id":8997450587,"is_bot":true,"first_name":"Jarvis","username":"shayan_claude_bot"},"chat":{"id":5351269136,"first_name":"Drkflow","username":"drkfloww","type":"private"},"date":1782693002,"text":"\u26a1 JARVIS MORNING BRIEF \u2014 Lundi 29 juin\n\n\u26aa Pas de donn\u00e9es pour hier.\n\n\ud83c\udfaf PRIORIT\u00c9S AUJOURD'HUI\n  1. 2 DMs outreach de qualit\u00e9 \u2014 commence maintenant.\n  2. Bloc deep work 3h minimum \u2014 ferme les notifs, pas de r\u00e9seaux avant 18h.\n  3. Delivery Didier \u2014 avance sur la vid\u00e9o pre-call ou les stories cette semaine.\n\n\ud83d\udcde RELANCES AUJOURD'HUI\n  \u2192 Dayyan (non_qualifie_referral) \u2014 DM Wally Invest (@wallinvest?) \u2014 r\u00e9f\u00e9ral de Dayyan, potentiel SaaS CloseGuard\n  \u2192 L\u00e9ni Constantin (interested_follow_up) \u2014 Relance dans 2-3 semaines \u2014 attendre qu'il ait plus de clients avec son infopreneur\n\n\u26a1 Streak No PMO : 0 \u2014 aujourd'hui \u00e7a recommence.\n\n\ud83d\udccb T\u00c2CHES \u2014 \u00c9CH\u00c9ANCES PROCHES\n  \u2192 Faire la demande pour r\u00e9cup\u00e9rer le permis de conduire \u2014 \u26a0 En retard de 24 jour(s) !\n  \u2192 Refaire un nouveau passeport \u2014 Dans 2 jours (2026-07-01)\n\n\n\ud83d\ude34 Question sommeil : \u00c0 quelle heure t'es couch\u00e9 hier soir ?\n(R\u00e9ponds directement ici, ex: \"2h30\")\n\n\u2014 JARVIS","entities":[{"offset":2,"length":36,"type":"bold"},{"offset":72,"length":21,"type":"bold"},{"offset":311,"length":20,"type":"bold"},{"offset":386,"length":11,"type":"mention"},{"offset":630,"length":26,"type":"bold"},{"offset":811,"length":18,"type":"bold"}]}}
⚡ <b>JARVIS MORNING BRIEF — Mardi 30 juin</b>

⚪ Pas de données pour hier.

🎯 <b>PRIORITÉS AUJOURD'HUI</b>
  1. 2 DMs outreach de qualité — commence maintenant.
  2. Bloc deep work 3h minimum — ferme les notifs, pas de réseaux avant 18h.
  3. Delivery Didier — avance sur la vidéo pre-call ou les stories cette semaine.

📞 <b>RELANCES AUJOURD'HUI</b>
  → Dayyan (non_qualifie_referral) — DM Wally Invest (@wallinvest?) — référal de Dayyan, potentiel SaaS CloseGuard
  → Léni Constantin (interested_follow_up) — Relance dans 2-3 semaines — attendre qu'il ait plus de clients avec son infopreneur

⚡ Streak No PMO : 0 — aujourd'hui ça recommence.

📋 <b>TÂCHES — ÉCHÉANCES PROCHES</b>
  → Faire la demande pour récupérer le permis de conduire — ⚠ En retard de 25 jour(s) !
  → Refaire un nouveau passeport — Demain


😴 <b>Question sommeil :</b> À quelle heure t'es couché hier soir ?
(Réponds directement ici, ex: "2h30")

— JARVIS

--- Sending to Telegram ---
{"ok":true,"result":{"message_id":2379,"from":{"id":8997450587,"is_bot":true,"first_name":"Jarvis","username":"shayan_claude_bot"},"chat":{"id":5351269136,"first_name":"Drkflow","username":"drkfloww","type":"private"},"date":1782779406,"text":"\u26a1 JARVIS MORNING BRIEF \u2014 Mardi 30 juin\n\n\u26aa Pas de donn\u00e9es pour hier.\n\n\ud83c\udfaf PRIORIT\u00c9S AUJOURD'HUI\n  1. 2 DMs outreach de qualit\u00e9 \u2014 commence maintenant.\n  2. Bloc deep work 3h minimum \u2014 ferme les notifs, pas de r\u00e9seaux avant 18h.\n  3. Delivery Didier \u2014 avance sur la vid\u00e9o pre-call ou les stories cette semaine.\n\n\ud83d\udcde RELANCES AUJOURD'HUI\n  \u2192 Dayyan (non_qualifie_referral) \u2014 DM Wally Invest (@wallinvest?) \u2014 r\u00e9f\u00e9ral de Dayyan, potentiel SaaS CloseGuard\n  \u2192 L\u00e9ni Constantin (interested_follow_up) \u2014 Relance dans 2-3 semaines \u2014 attendre qu'il ait plus de clients avec son infopreneur\n\n\u26a1 Streak No PMO : 0 \u2014 aujourd'hui \u00e7a recommence.\n\n\ud83d\udccb T\u00c2CHES \u2014 \u00c9CH\u00c9ANCES PROCHES\n  \u2192 Faire la demande pour r\u00e9cup\u00e9rer le permis de conduire \u2014 \u26a0 En retard de 25 jour(s) !\n  \u2192 Refaire un nouveau passeport \u2014 Demain\n\n\n\ud83d\ude34 Question sommeil : \u00c0 quelle heure t'es couch\u00e9 hier soir ?\n(R\u00e9ponds directement ici, ex: \"2h30\")\n\n\u2014 JARVIS","entities":[{"offset":2,"length":36,"type":"bold"},{"offset":72,"length":21,"type":"bold"},{"offset":311,"length":20,"type":"bold"},{"offset":386,"length":11,"type":"mention"},{"offset":630,"length":26,"type":"bold"},{"offset":792,"length":18,"type":"bold"}]}}
⚡ <b>JARVIS MORNING BRIEF — Mercredi 01 juillet</b>

⚪ Pas de données pour hier.

🎯 <b>PRIORITÉS AUJOURD'HUI</b>
  1. 2 DMs outreach de qualité — commence maintenant.
  2. Bloc deep work 3h minimum — ferme les notifs, pas de réseaux avant 18h.
  3. Delivery Didier — avance sur la vidéo pre-call ou les stories cette semaine.

📞 <b>RELANCES AUJOURD'HUI</b>
  → Dayyan (non_qualifie_referral) — DM Wally Invest (@wallinvest?) — référal de Dayyan, potentiel SaaS CloseGuard
  → Léni Constantin (interested_follow_up) — Relance dans 2-3 semaines — attendre qu'il ait plus de clients avec son infopreneur

⚡ Streak No PMO : 0 — aujourd'hui ça recommence.

📋 <b>TÂCHES — ÉCHÉANCES PROCHES</b>
  → Faire la demande pour récupérer le permis de conduire — ⚠ En retard de 26 jour(s) !
  → Refaire un nouveau passeport — ⚠ À faire AUJOURD'HUI


😴 <b>Question sommeil :</b> À quelle heure t'es couché hier soir ?
(Réponds directement ici, ex: "2h30")

— JARVIS

--- Sending to Telegram ---
{"ok":true,"result":{"message_id":2391,"from":{"id":8997450587,"is_bot":true,"first_name":"Jarvis","username":"shayan_claude_bot"},"chat":{"id":5351269136,"first_name":"Drkflow","username":"drkfloww","type":"private"},"date":1782865805,"text":"\u26a1 JARVIS MORNING BRIEF \u2014 Mercredi 01 juillet\n\n\u26aa Pas de donn\u00e9es pour hier.\n\n\ud83c\udfaf PRIORIT\u00c9S AUJOURD'HUI\n  1. 2 DMs outreach de qualit\u00e9 \u2014 commence maintenant.\n  2. Bloc deep work 3h minimum \u2014 ferme les notifs, pas de r\u00e9seaux avant 18h.\n  3. Delivery Didier \u2014 avance sur la vid\u00e9o pre-call ou les stories cette semaine.\n\n\ud83d\udcde RELANCES AUJOURD'HUI\n  \u2192 Dayyan (non_qualifie_referral) \u2014 DM Wally Invest (@wallinvest?) \u2014 r\u00e9f\u00e9ral de Dayyan, potentiel SaaS CloseGuard\n  \u2192 L\u00e9ni Constantin (interested_follow_up) \u2014 Relance dans 2-3 semaines \u2014 attendre qu'il ait plus de clients avec son infopreneur\n\n\u26a1 Streak No PMO : 0 \u2014 aujourd'hui \u00e7a recommence.\n\n\ud83d\udccb T\u00c2CHES \u2014 \u00c9CH\u00c9ANCES PROCHES\n  \u2192 Faire la demande pour r\u00e9cup\u00e9rer le permis de conduire \u2014 \u26a0 En retard de 26 jour(s) !\n  \u2192 Refaire un nouveau passeport \u2014 \u26a0 \u00c0 faire AUJOURD'HUI\n\n\n\ud83d\ude34 Question sommeil : \u00c0 quelle heure t'es couch\u00e9 hier soir ?\n(R\u00e9ponds directement ici, ex: \"2h30\")\n\n\u2014 JARVIS","entities":[{"offset":2,"length":42,"type":"bold"},{"offset":78,"length":21,"type":"bold"},{"offset":317,"length":20,"type":"bold"},{"offset":392,"length":11,"type":"mention"},{"offset":636,"length":26,"type":"bold"},{"offset":813,"length":18,"type":"bold"}]}}
⚡ <b>JARVIS MORNING BRIEF — Jeudi 02 juillet</b>

⚪ Pas de données pour hier.

🎯 <b>PRIORITÉS AUJOURD'HUI</b>
  1. 2 DMs outreach de qualité — commence maintenant.
  2. Bloc deep work 3h minimum — ferme les notifs, pas de réseaux avant 18h.
  3. Delivery Didier — avance sur la vidéo pre-call ou les stories cette semaine.

📞 <b>RELANCES AUJOURD'HUI</b>
  → Dayyan (non_qualifie_referral) — DM Wally Invest (@wallinvest?) — référal de Dayyan, potentiel SaaS CloseGuard
  → Léni Constantin (interested_follow_up) — Relance dans 2-3 semaines — attendre qu'il ait plus de clients avec son infopreneur

⚡ Streak No PMO : 0 — aujourd'hui ça recommence.

📋 <b>TÂCHES — ÉCHÉANCES PROCHES</b>
  → Faire la demande pour récupérer le permis de conduire — ⚠ En retard de 27 jour(s) !
  → Refaire un nouveau passeport — ⚠ En retard de 1 jour(s) !
  → Acheter un trépied pour Fares avant de quitter KL — Dans 3 jours (2026-07-05)


😴 <b>Question sommeil :</b> À quelle heure t'es couché hier soir ?
(Réponds directement ici, ex: "2h30")

— JARVIS

--- Sending to Telegram ---
{"ok":true,"result":{"message_id":2403,"from":{"id":8997450587,"is_bot":true,"first_name":"Jarvis","username":"shayan_claude_bot"},"chat":{"id":5351269136,"first_name":"Drkflow","username":"drkfloww","type":"private"},"date":1782952201,"text":"\u26a1 JARVIS MORNING BRIEF \u2014 Jeudi 02 juillet\n\n\u26aa Pas de donn\u00e9es pour hier.\n\n\ud83c\udfaf PRIORIT\u00c9S AUJOURD'HUI\n  1. 2 DMs outreach de qualit\u00e9 \u2014 commence maintenant.\n  2. Bloc deep work 3h minimum \u2014 ferme les notifs, pas de r\u00e9seaux avant 18h.\n  3. Delivery Didier \u2014 avance sur la vid\u00e9o pre-call ou les stories cette semaine.\n\n\ud83d\udcde RELANCES AUJOURD'HUI\n  \u2192 Dayyan (non_qualifie_referral) \u2014 DM Wally Invest (@wallinvest?) \u2014 r\u00e9f\u00e9ral de Dayyan, potentiel SaaS CloseGuard\n  \u2192 L\u00e9ni Constantin (interested_follow_up) \u2014 Relance dans 2-3 semaines \u2014 attendre qu'il ait plus de clients avec son infopreneur\n\n\u26a1 Streak No PMO : 0 \u2014 aujourd'hui \u00e7a recommence.\n\n\ud83d\udccb T\u00c2CHES \u2014 \u00c9CH\u00c9ANCES PROCHES\n  \u2192 Faire la demande pour r\u00e9cup\u00e9rer le permis de conduire \u2014 \u26a0 En retard de 27 jour(s) !\n  \u2192 Refaire un nouveau passeport \u2014 \u26a0 En retard de 1 jour(s) !\n  \u2192 Acheter un tr\u00e9pied pour Fares avant de quitter KL \u2014 Dans 3 jours (2026-07-05)\n\n\n\ud83d\ude34 Question sommeil : \u00c0 quelle heure t'es couch\u00e9 hier soir ?\n(R\u00e9ponds directement ici, ex: \"2h30\")\n\n\u2014 JARVIS","entities":[{"offset":2,"length":39,"type":"bold"},{"offset":75,"length":21,"type":"bold"},{"offset":314,"length":20,"type":"bold"},{"offset":389,"length":11,"type":"mention"},{"offset":633,"length":26,"type":"bold"},{"offset":897,"length":18,"type":"bold"}]}}
⚡ <b>JARVIS MORNING BRIEF — Vendredi 03 juillet</b>

⚪ Pas de données pour hier.

🎯 <b>PRIORITÉS AUJOURD'HUI</b>
  1. 2 DMs outreach de qualité — commence maintenant.
  2. Bloc deep work 3h minimum — ferme les notifs, pas de réseaux avant 18h.
  3. Delivery Didier — avance sur la vidéo pre-call ou les stories cette semaine.

📞 <b>RELANCES AUJOURD'HUI</b>
  → Dayyan (non_qualifie_referral) — DM Wally Invest (@wallinvest?) — référal de Dayyan, potentiel SaaS CloseGuard
  → Léni Constantin (interested_follow_up) — Relance dans 2-3 semaines — attendre qu'il ait plus de clients avec son infopreneur

⚡ Streak No PMO : 0 — aujourd'hui ça recommence.

📋 <b>TÂCHES — ÉCHÉANCES PROCHES</b>
  → Faire la demande pour récupérer le permis de conduire — ⚠ En retard de 28 jour(s) !
  → Refaire un nouveau passeport — ⚠ En retard de 2 jour(s) !
  → Acheter un trépied pour Fares avant de quitter KL — Dans 2 jours (2026-07-05)
  → Tourner la vidéo de prospection (Airbnb, vue Petronas, le soir) — Demain


😴 <b>Question sommeil :</b> À quelle heure t'es couché hier soir ?
(Réponds directement ici, ex: "2h30")

— JARVIS

--- Sending to Telegram ---
{"ok":true,"result":{"message_id":2454,"from":{"id":8997450587,"is_bot":true,"first_name":"Jarvis","username":"shayan_claude_bot"},"chat":{"id":5351269136,"first_name":"Drkflow","username":"drkfloww","type":"private"},"date":1783038606,"text":"\u26a1 JARVIS MORNING BRIEF \u2014 Vendredi 03 juillet\n\n\u26aa Pas de donn\u00e9es pour hier.\n\n\ud83c\udfaf PRIORIT\u00c9S AUJOURD'HUI\n  1. 2 DMs outreach de qualit\u00e9 \u2014 commence maintenant.\n  2. Bloc deep work 3h minimum \u2014 ferme les notifs, pas de r\u00e9seaux avant 18h.\n  3. Delivery Didier \u2014 avance sur la vid\u00e9o pre-call ou les stories cette semaine.\n\n\ud83d\udcde RELANCES AUJOURD'HUI\n  \u2192 Dayyan (non_qualifie_referral) \u2014 DM Wally Invest (@wallinvest?) \u2014 r\u00e9f\u00e9ral de Dayyan, potentiel SaaS CloseGuard\n  \u2192 L\u00e9ni Constantin (interested_follow_up) \u2014 Relance dans 2-3 semaines \u2014 attendre qu'il ait plus de clients avec son infopreneur\n\n\u26a1 Streak No PMO : 0 \u2014 aujourd'hui \u00e7a recommence.\n\n\ud83d\udccb T\u00c2CHES \u2014 \u00c9CH\u00c9ANCES PROCHES\n  \u2192 Faire la demande pour r\u00e9cup\u00e9rer le permis de conduire \u2014 \u26a0 En retard de 28 jour(s) !\n  \u2192 Refaire un nouveau passeport \u2014 \u26a0 En retard de 2 jour(s) !\n  \u2192 Acheter un tr\u00e9pied pour Fares avant de quitter KL \u2014 Dans 2 jours (2026-07-05)\n  \u2192 Tourner la vid\u00e9o de prospection (Airbnb, vue Petronas, le soir) \u2014 Demain\n\n\n\ud83d\ude34 Question sommeil : \u00c0 quelle heure t'es couch\u00e9 hier soir ?\n(R\u00e9ponds directement ici, ex: \"2h30\")\n\n\u2014 JARVIS","entities":[{"offset":2,"length":42,"type":"bold"},{"offset":78,"length":21,"type":"bold"},{"offset":317,"length":20,"type":"bold"},{"offset":392,"length":11,"type":"mention"},{"offset":636,"length":26,"type":"bold"},{"offset":977,"length":18,"type":"bold"}]}}
⚡ <b>JARVIS MORNING BRIEF — Samedi 04 juillet</b>

⚪ Pas de données pour hier.

🎯 <b>PRIORITÉS AUJOURD'HUI</b>
  1. 2 DMs outreach de qualité — commence maintenant.
  2. Bloc deep work 3h minimum — ferme les notifs, pas de réseaux avant 18h.
  3. Delivery Didier — avance sur la vidéo pre-call ou les stories cette semaine.

📞 <b>RELANCES AUJOURD'HUI</b>
  → Dayyan (non_qualifie_referral) — DM Wally Invest (@wallinvest?) — référal de Dayyan, potentiel SaaS CloseGuard
  → Léni Constantin (interested_follow_up) — Relance dans 2-3 semaines — attendre qu'il ait plus de clients avec son infopreneur

⚡ Streak No PMO : 0 — aujourd'hui ça recommence.

📋 <b>TÂCHES — ÉCHÉANCES PROCHES</b>
  → Faire la demande pour récupérer le permis de conduire — ⚠ En retard de 29 jour(s) !
  → Refaire un nouveau passeport — ⚠ En retard de 3 jour(s) !
  → Acheter un trépied pour Fares avant de quitter KL — Demain
  → Tourner la vidéo de prospection (Airbnb, vue Petronas, le soir) — ⚠ À faire AUJOURD'HUI


😴 <b>Question sommeil :</b> À quelle heure t'es couché hier soir ?
(Réponds directement ici, ex: "2h30")

— JARVIS

--- Sending to Telegram ---
{"ok":true,"result":{"message_id":2458,"from":{"id":8997450587,"is_bot":true,"first_name":"Jarvis","username":"shayan_claude_bot"},"chat":{"id":5351269136,"first_name":"Drkflow","username":"drkfloww","type":"private"},"date":1783125008,"text":"\u26a1 JARVIS MORNING BRIEF \u2014 Samedi 04 juillet\n\n\u26aa Pas de donn\u00e9es pour hier.\n\n\ud83c\udfaf PRIORIT\u00c9S AUJOURD'HUI\n  1. 2 DMs outreach de qualit\u00e9 \u2014 commence maintenant.\n  2. Bloc deep work 3h minimum \u2014 ferme les notifs, pas de r\u00e9seaux avant 18h.\n  3. Delivery Didier \u2014 avance sur la vid\u00e9o pre-call ou les stories cette semaine.\n\n\ud83d\udcde RELANCES AUJOURD'HUI\n  \u2192 Dayyan (non_qualifie_referral) \u2014 DM Wally Invest (@wallinvest?) \u2014 r\u00e9f\u00e9ral de Dayyan, potentiel SaaS CloseGuard\n  \u2192 L\u00e9ni Constantin (interested_follow_up) \u2014 Relance dans 2-3 semaines \u2014 attendre qu'il ait plus de clients avec son infopreneur\n\n\u26a1 Streak No PMO : 0 \u2014 aujourd'hui \u00e7a recommence.\n\n\ud83d\udccb T\u00c2CHES \u2014 \u00c9CH\u00c9ANCES PROCHES\n  \u2192 Faire la demande pour r\u00e9cup\u00e9rer le permis de conduire \u2014 \u26a0 En retard de 29 jour(s) !\n  \u2192 Refaire un nouveau passeport \u2014 \u26a0 En retard de 3 jour(s) !\n  \u2192 Acheter un tr\u00e9pied pour Fares avant de quitter KL \u2014 Demain\n  \u2192 Tourner la vid\u00e9o de prospection (Airbnb, vue Petronas, le soir) \u2014 \u26a0 \u00c0 faire AUJOURD'HUI\n\n\n\ud83d\ude34 Question sommeil : \u00c0 quelle heure t'es couch\u00e9 hier soir ?\n(R\u00e9ponds directement ici, ex: \"2h30\")\n\n\u2014 JARVIS","entities":[{"offset":2,"length":40,"type":"bold"},{"offset":76,"length":21,"type":"bold"},{"offset":315,"length":20,"type":"bold"},{"offset":390,"length":11,"type":"mention"},{"offset":634,"length":26,"type":"bold"},{"offset":971,"length":18,"type":"bold"}]}}
⚡ <b>JARVIS MORNING BRIEF — Dimanche 05 juillet</b>

⚪ Pas de données pour hier.

🎯 <b>PRIORITÉS AUJOURD'HUI</b>
  1. 2 DMs outreach de qualité — commence maintenant.
  2. Bloc deep work 3h minimum — ferme les notifs, pas de réseaux avant 18h.
  3. Delivery Didier — avance sur la vidéo pre-call ou les stories cette semaine.

📞 <b>RELANCES AUJOURD'HUI</b>
  → Dayyan (non_qualifie_referral) — DM Wally Invest (@wallinvest?) — référal de Dayyan, potentiel SaaS CloseGuard
  → Léni Constantin (interested_follow_up) — Relance dans 2-3 semaines — attendre qu'il ait plus de clients avec son infopreneur

⚡ Streak No PMO : 0 — aujourd'hui ça recommence.

📋 <b>TÂCHES — ÉCHÉANCES PROCHES</b>
  → Faire la demande pour récupérer le permis de conduire — ⚠ En retard de 30 jour(s) !
  → Refaire un nouveau passeport — ⚠ En retard de 4 jour(s) !
  → Acheter un trépied pour Fares avant de quitter KL — ⚠ À faire AUJOURD'HUI
  → Tourner la vidéo de prospection (Airbnb, vue Petronas, le soir) — ⚠ En retard de 1 jour(s) !


😴 <b>Question sommeil :</b> À quelle heure t'es couché hier soir ?
(Réponds directement ici, ex: "2h30")

— JARVIS

--- Sending to Telegram ---

⚡ <b>JARVIS MORNING BRIEF — Lundi 06 juillet</b>

⚪ Pas de données pour hier.

🎯 <b>PRIORITÉS AUJOURD'HUI</b>
  1. 2 DMs outreach de qualité — commence maintenant.
  2. Bloc deep work 3h minimum — ferme les notifs, pas de réseaux avant 18h.
  3. Delivery Didier — avance sur la vidéo pre-call ou les stories cette semaine.

📞 <b>RELANCES AUJOURD'HUI</b>
  → Dayyan (non_qualifie_referral) — DM Wally Invest (@wallinvest?) — référal de Dayyan, potentiel SaaS CloseGuard
  → Léni Constantin (interested_follow_up) — Relance dans 2-3 semaines — attendre qu'il ait plus de clients avec son infopreneur

⚡ Streak No PMO : 0 — aujourd'hui ça recommence.

📋 <b>TÂCHES — ÉCHÉANCES PROCHES</b>
  → Faire la demande pour récupérer le permis de conduire — ⚠ En retard de 31 jour(s) !
  → Refaire un nouveau passeport — ⚠ En retard de 5 jour(s) !
  → Acheter un trépied pour Fares avant de quitter KL — ⚠ En retard de 1 jour(s) !
  → Tourner la vidéo de prospection (Airbnb, vue Petronas, le soir) — ⚠ En retard de 2 jour(s) !


😴 <b>Question sommeil :</b> À quelle heure t'es couché hier soir ?
(Réponds directement ici, ex: "2h30")

— JARVIS

--- Sending to Telegram ---

⚡ <b>JARVIS MORNING BRIEF — Mardi 07 juillet</b>

⚪ Pas de données pour hier.

🎯 <b>PRIORITÉS AUJOURD'HUI</b>
  1. 2 DMs outreach de qualité — commence maintenant.
  2. Bloc deep work 3h minimum — ferme les notifs, pas de réseaux avant 18h.
  3. Delivery Didier — avance sur la vidéo pre-call ou les stories cette semaine.

📞 <b>RELANCES AUJOURD'HUI</b>
  → Dayyan (non_qualifie_referral) — DM Wally Invest (@wallinvest?) — référal de Dayyan, potentiel SaaS CloseGuard
  → Léni Constantin (interested_follow_up) — Relance dans 2-3 semaines — attendre qu'il ait plus de clients avec son infopreneur

⚡ Streak No PMO : 0 — aujourd'hui ça recommence.

📋 <b>TÂCHES — ÉCHÉANCES PROCHES</b>
  → Faire la demande pour récupérer le permis de conduire — ⚠ En retard de 32 jour(s) !
  → Refaire un nouveau passeport — ⚠ En retard de 6 jour(s) !
  → Acheter un trépied pour Fares avant de quitter KL — ⚠ En retard de 2 jour(s) !
  → Tourner la vidéo de prospection (Airbnb, vue Petronas, le soir) — ⚠ En retard de 3 jour(s) !


😴 <b>Question sommeil :</b> À quelle heure t'es couché hier soir ?
(Réponds directement ici, ex: "2h30")

— JARVIS

--- Sending to Telegram ---
{"ok":true,"result":{"message_id":2468,"from":{"id":8997450587,"is_bot":true,"first_name":"Jarvis","username":"shayan_claude_bot"},"chat":{"id":5351269136,"first_name":"Drkflow","username":"drkfloww","type":"private"},"date":1783384205,"text":"\u26a1 JARVIS MORNING BRIEF \u2014 Mardi 07 juillet\n\n\u26aa Pas de donn\u00e9es pour hier.\n\n\ud83c\udfaf PRIORIT\u00c9S AUJOURD'HUI\n  1. 2 DMs outreach de qualit\u00e9 \u2014 commence maintenant.\n  2. Bloc deep work 3h minimum \u2014 ferme les notifs, pas de r\u00e9seaux avant 18h.\n  3. Delivery Didier \u2014 avance sur la vid\u00e9o pre-call ou les stories cette semaine.\n\n\ud83d\udcde RELANCES AUJOURD'HUI\n  \u2192 Dayyan (non_qualifie_referral) \u2014 DM Wally Invest (@wallinvest?) \u2014 r\u00e9f\u00e9ral de Dayyan, potentiel SaaS CloseGuard\n  \u2192 L\u00e9ni Constantin (interested_follow_up) \u2014 Relance dans 2-3 semaines \u2014 attendre qu'il ait plus de clients avec son infopreneur\n\n\u26a1 Streak No PMO : 0 \u2014 aujourd'hui \u00e7a recommence.\n\n\ud83d\udccb T\u00c2CHES \u2014 \u00c9CH\u00c9ANCES PROCHES\n  \u2192 Faire la demande pour r\u00e9cup\u00e9rer le permis de conduire \u2014 \u26a0 En retard de 32 jour(s) !\n  \u2192 Refaire un nouveau passeport \u2014 \u26a0 En retard de 6 jour(s) !\n  \u2192 Acheter un tr\u00e9pied pour Fares avant de quitter KL \u2014 \u26a0 En retard de 2 jour(s) !\n  \u2192 Tourner la vid\u00e9o de prospection (Airbnb, vue Petronas, le soir) \u2014 \u26a0 En retard de 3 jour(s) !\n\n\n\ud83d\ude34 Question sommeil : \u00c0 quelle heure t'es couch\u00e9 hier soir ?\n(R\u00e9ponds directement ici, ex: \"2h30\")\n\n\u2014 JARVIS","entities":[{"offset":2,"length":39,"type":"bold"},{"offset":75,"length":21,"type":"bold"},{"offset":314,"length":20,"type":"bold"},{"offset":389,"length":11,"type":"mention"},{"offset":633,"length":26,"type":"bold"},{"offset":995,"length":18,"type":"bold"}]}}
⚡ <b>JARVIS MORNING BRIEF — Mercredi 08 juillet</b>

⚪ Pas de données pour hier.

🎯 <b>PRIORITÉS AUJOURD'HUI</b>
  1. 2 DMs outreach de qualité — commence maintenant.
  2. Bloc deep work 3h minimum — ferme les notifs, pas de réseaux avant 18h.
  3. Delivery Didier — avance sur la vidéo pre-call ou les stories cette semaine.

📞 <b>RELANCES AUJOURD'HUI</b>
  → Dayyan (non_qualifie_referral) — DM Wally Invest (@wallinvest?) — référal de Dayyan, potentiel SaaS CloseGuard
  → Léni Constantin (interested_follow_up) — Relance dans 2-3 semaines — attendre qu'il ait plus de clients avec son infopreneur

⚡ Streak No PMO : 0 — aujourd'hui ça recommence.

📋 <b>TÂCHES — ÉCHÉANCES PROCHES</b>
  → Faire la demande pour récupérer le permis de conduire — ⚠ En retard de 33 jour(s) !
  → Refaire un nouveau passeport — ⚠ En retard de 7 jour(s) !
  → Acheter un trépied pour Fares avant de quitter KL — ⚠ En retard de 3 jour(s) !
  → Tourner la vidéo de prospection (Airbnb, vue Petronas, le soir) — ⚠ En retard de 4 jour(s) !


😴 <b>Question sommeil :</b> À quelle heure t'es couché hier soir ?
(Réponds directement ici, ex: "2h30")

— JARVIS

--- Sending to Telegram ---
{"ok":true,"result":{"message_id":2478,"from":{"id":8997450587,"is_bot":true,"first_name":"Jarvis","username":"shayan_claude_bot"},"chat":{"id":5351269136,"first_name":"Drkflow","username":"drkfloww","type":"private"},"date":1783470606,"text":"\u26a1 JARVIS MORNING BRIEF \u2014 Mercredi 08 juillet\n\n\u26aa Pas de donn\u00e9es pour hier.\n\n\ud83c\udfaf PRIORIT\u00c9S AUJOURD'HUI\n  1. 2 DMs outreach de qualit\u00e9 \u2014 commence maintenant.\n  2. Bloc deep work 3h minimum \u2014 ferme les notifs, pas de r\u00e9seaux avant 18h.\n  3. Delivery Didier \u2014 avance sur la vid\u00e9o pre-call ou les stories cette semaine.\n\n\ud83d\udcde RELANCES AUJOURD'HUI\n  \u2192 Dayyan (non_qualifie_referral) \u2014 DM Wally Invest (@wallinvest?) \u2014 r\u00e9f\u00e9ral de Dayyan, potentiel SaaS CloseGuard\n  \u2192 L\u00e9ni Constantin (interested_follow_up) \u2014 Relance dans 2-3 semaines \u2014 attendre qu'il ait plus de clients avec son infopreneur\n\n\u26a1 Streak No PMO : 0 \u2014 aujourd'hui \u00e7a recommence.\n\n\ud83d\udccb T\u00c2CHES \u2014 \u00c9CH\u00c9ANCES PROCHES\n  \u2192 Faire la demande pour r\u00e9cup\u00e9rer le permis de conduire \u2014 \u26a0 En retard de 33 jour(s) !\n  \u2192 Refaire un nouveau passeport \u2014 \u26a0 En retard de 7 jour(s) !\n  \u2192 Acheter un tr\u00e9pied pour Fares avant de quitter KL \u2014 \u26a0 En retard de 3 jour(s) !\n  \u2192 Tourner la vid\u00e9o de prospection (Airbnb, vue Petronas, le soir) \u2014 \u26a0 En retard de 4 jour(s) !\n\n\n\ud83d\ude34 Question sommeil : \u00c0 quelle heure t'es couch\u00e9 hier soir ?\n(R\u00e9ponds directement ici, ex: \"2h30\")\n\n\u2014 JARVIS","entities":[{"offset":2,"length":42,"type":"bold"},{"offset":78,"length":21,"type":"bold"},{"offset":317,"length":20,"type":"bold"},{"offset":392,"length":11,"type":"mention"},{"offset":636,"length":26,"type":"bold"},{"offset":998,"length":18,"type":"bold"}]}}
⚡ <b>JARVIS MORNING BRIEF — Jeudi 09 juillet</b>

⚪ Pas de données pour hier.

🎯 <b>PRIORITÉS AUJOURD'HUI</b>
  1. 2 DMs outreach de qualité — commence maintenant.
  2. Bloc deep work 3h minimum — ferme les notifs, pas de réseaux avant 18h.
  3. Delivery Didier — avance sur la vidéo pre-call ou les stories cette semaine.

📞 <b>RELANCES AUJOURD'HUI</b>
  → Dayyan (non_qualifie_referral) — DM Wally Invest (@wallinvest?) — référal de Dayyan, potentiel SaaS CloseGuard
  → Léni Constantin (interested_follow_up) — Relance dans 2-3 semaines — attendre qu'il ait plus de clients avec son infopreneur

⚡ Streak No PMO : 0 — aujourd'hui ça recommence.

📋 <b>TÂCHES — ÉCHÉANCES PROCHES</b>
  → Faire la demande pour récupérer le permis de conduire — ⚠ En retard de 34 jour(s) !
  → Refaire un nouveau passeport — ⚠ En retard de 8 jour(s) !
  → Acheter un trépied pour Fares avant de quitter KL — ⚠ En retard de 4 jour(s) !
  → Tourner la vidéo de prospection (Airbnb, vue Petronas, le soir) — ⚠ En retard de 5 jour(s) !


😴 <b>Question sommeil :</b> À quelle heure t'es couché hier soir ?
(Réponds directement ici, ex: "2h30")

— JARVIS

--- Sending to Telegram ---
{"ok":true,"result":{"message_id":2482,"from":{"id":8997450587,"is_bot":true,"first_name":"Jarvis","username":"shayan_claude_bot"},"chat":{"id":5351269136,"first_name":"Drkflow","username":"drkfloww","type":"private"},"date":1783557005,"text":"\u26a1 JARVIS MORNING BRIEF \u2014 Jeudi 09 juillet\n\n\u26aa Pas de donn\u00e9es pour hier.\n\n\ud83c\udfaf PRIORIT\u00c9S AUJOURD'HUI\n  1. 2 DMs outreach de qualit\u00e9 \u2014 commence maintenant.\n  2. Bloc deep work 3h minimum \u2014 ferme les notifs, pas de r\u00e9seaux avant 18h.\n  3. Delivery Didier \u2014 avance sur la vid\u00e9o pre-call ou les stories cette semaine.\n\n\ud83d\udcde RELANCES AUJOURD'HUI\n  \u2192 Dayyan (non_qualifie_referral) \u2014 DM Wally Invest (@wallinvest?) \u2014 r\u00e9f\u00e9ral de Dayyan, potentiel SaaS CloseGuard\n  \u2192 L\u00e9ni Constantin (interested_follow_up) \u2014 Relance dans 2-3 semaines \u2014 attendre qu'il ait plus de clients avec son infopreneur\n\n\u26a1 Streak No PMO : 0 \u2014 aujourd'hui \u00e7a recommence.\n\n\ud83d\udccb T\u00c2CHES \u2014 \u00c9CH\u00c9ANCES PROCHES\n  \u2192 Faire la demande pour r\u00e9cup\u00e9rer le permis de conduire \u2014 \u26a0 En retard de 34 jour(s) !\n  \u2192 Refaire un nouveau passeport \u2014 \u26a0 En retard de 8 jour(s) !\n  \u2192 Acheter un tr\u00e9pied pour Fares avant de quitter KL \u2014 \u26a0 En retard de 4 jour(s) !\n  \u2192 Tourner la vid\u00e9o de prospection (Airbnb, vue Petronas, le soir) \u2014 \u26a0 En retard de 5 jour(s) !\n\n\n\ud83d\ude34 Question sommeil : \u00c0 quelle heure t'es couch\u00e9 hier soir ?\n(R\u00e9ponds directement ici, ex: \"2h30\")\n\n\u2014 JARVIS","entities":[{"offset":2,"length":39,"type":"bold"},{"offset":75,"length":21,"type":"bold"},{"offset":314,"length":20,"type":"bold"},{"offset":389,"length":11,"type":"mention"},{"offset":633,"length":26,"type":"bold"},{"offset":995,"length":18,"type":"bold"}]}}
⚡ <b>JARVIS MORNING BRIEF — Vendredi 10 juillet</b>

⚪ Pas de données pour hier.

🎯 <b>PRIORITÉS AUJOURD'HUI</b>
  1. 2 DMs outreach de qualité — commence maintenant.
  2. Bloc deep work 3h minimum — ferme les notifs, pas de réseaux avant 18h.
  3. Delivery Didier — avance sur la vidéo pre-call ou les stories cette semaine.

📞 <b>RELANCES AUJOURD'HUI</b>
  → Dayyan (non_qualifie_referral) — DM Wally Invest (@wallinvest?) — référal de Dayyan, potentiel SaaS CloseGuard
  → Léni Constantin (interested_follow_up) — Relance dans 2-3 semaines — attendre qu'il ait plus de clients avec son infopreneur

⚡ Streak No PMO : 0 — aujourd'hui ça recommence.

📋 <b>TÂCHES — ÉCHÉANCES PROCHES</b>
  → Faire la demande pour récupérer le permis de conduire — ⚠ En retard de 35 jour(s) !
  → Refaire un nouveau passeport — ⚠ En retard de 9 jour(s) !
  → Acheter un trépied pour Fares avant de quitter KL — ⚠ En retard de 5 jour(s) !
  → Tourner la vidéo de prospection (Airbnb, vue Petronas, le soir) — ⚠ En retard de 6 jour(s) !


😴 <b>Question sommeil :</b> À quelle heure t'es couché hier soir ?
(Réponds directement ici, ex: "2h30")

— JARVIS

--- Sending to Telegram ---
{"ok":true,"result":{"message_id":2493,"from":{"id":8997450587,"is_bot":true,"first_name":"Jarvis","username":"shayan_claude_bot"},"chat":{"id":5351269136,"first_name":"Drkflow","username":"drkfloww","type":"private"},"date":1783643400,"text":"\u26a1 JARVIS MORNING BRIEF \u2014 Vendredi 10 juillet\n\n\u26aa Pas de donn\u00e9es pour hier.\n\n\ud83c\udfaf PRIORIT\u00c9S AUJOURD'HUI\n  1. 2 DMs outreach de qualit\u00e9 \u2014 commence maintenant.\n  2. Bloc deep work 3h minimum \u2014 ferme les notifs, pas de r\u00e9seaux avant 18h.\n  3. Delivery Didier \u2014 avance sur la vid\u00e9o pre-call ou les stories cette semaine.\n\n\ud83d\udcde RELANCES AUJOURD'HUI\n  \u2192 Dayyan (non_qualifie_referral) \u2014 DM Wally Invest (@wallinvest?) \u2014 r\u00e9f\u00e9ral de Dayyan, potentiel SaaS CloseGuard\n  \u2192 L\u00e9ni Constantin (interested_follow_up) \u2014 Relance dans 2-3 semaines \u2014 attendre qu'il ait plus de clients avec son infopreneur\n\n\u26a1 Streak No PMO : 0 \u2014 aujourd'hui \u00e7a recommence.\n\n\ud83d\udccb T\u00c2CHES \u2014 \u00c9CH\u00c9ANCES PROCHES\n  \u2192 Faire la demande pour r\u00e9cup\u00e9rer le permis de conduire \u2014 \u26a0 En retard de 35 jour(s) !\n  \u2192 Refaire un nouveau passeport \u2014 \u26a0 En retard de 9 jour(s) !\n  \u2192 Acheter un tr\u00e9pied pour Fares avant de quitter KL \u2014 \u26a0 En retard de 5 jour(s) !\n  \u2192 Tourner la vid\u00e9o de prospection (Airbnb, vue Petronas, le soir) \u2014 \u26a0 En retard de 6 jour(s) !\n\n\n\ud83d\ude34 Question sommeil : \u00c0 quelle heure t'es couch\u00e9 hier soir ?\n(R\u00e9ponds directement ici, ex: \"2h30\")\n\n\u2014 JARVIS","entities":[{"offset":2,"length":42,"type":"bold"},{"offset":78,"length":21,"type":"bold"},{"offset":317,"length":20,"type":"bold"},{"offset":392,"length":11,"type":"mention"},{"offset":636,"length":26,"type":"bold"},{"offset":998,"length":18,"type":"bold"}]}}
⚡ <b>JARVIS MORNING BRIEF — Samedi 11 juillet</b>

⚪ Pas de données pour hier.

🎯 <b>PRIORITÉS AUJOURD'HUI</b>
  1. 2 DMs outreach de qualité — commence maintenant.
  2. Bloc deep work 3h minimum — ferme les notifs, pas de réseaux avant 18h.
  3. Delivery Didier — avance sur la vidéo pre-call ou les stories cette semaine.

📞 <b>RELANCES AUJOURD'HUI</b>
  → Dayyan (non_qualifie_referral) — DM Wally Invest (@wallinvest?) — référal de Dayyan, potentiel SaaS CloseGuard
  → Léni Constantin (interested_follow_up) — Relance dans 2-3 semaines — attendre qu'il ait plus de clients avec son infopreneur

⚡ Streak No PMO : 0 — aujourd'hui ça recommence.

📋 <b>TÂCHES — ÉCHÉANCES PROCHES</b>
  → Faire la demande pour récupérer le permis de conduire — ⚠ En retard de 36 jour(s) !
  → Refaire un nouveau passeport — ⚠ En retard de 10 jour(s) !
  → Acheter un trépied pour Fares avant de quitter KL — ⚠ En retard de 6 jour(s) !
  → Tourner la vidéo de prospection (Airbnb, vue Petronas, le soir) — ⚠ En retard de 7 jour(s) !


😴 <b>Question sommeil :</b> À quelle heure t'es couché hier soir ?
(Réponds directement ici, ex: "2h30")

— JARVIS

--- Sending to Telegram ---
{"ok":true,"result":{"message_id":2499,"from":{"id":8997450587,"is_bot":true,"first_name":"Jarvis","username":"shayan_claude_bot"},"chat":{"id":5351269136,"first_name":"Drkflow","username":"drkfloww","type":"private"},"date":1783729805,"text":"\u26a1 JARVIS MORNING BRIEF \u2014 Samedi 11 juillet\n\n\u26aa Pas de donn\u00e9es pour hier.\n\n\ud83c\udfaf PRIORIT\u00c9S AUJOURD'HUI\n  1. 2 DMs outreach de qualit\u00e9 \u2014 commence maintenant.\n  2. Bloc deep work 3h minimum \u2014 ferme les notifs, pas de r\u00e9seaux avant 18h.\n  3. Delivery Didier \u2014 avance sur la vid\u00e9o pre-call ou les stories cette semaine.\n\n\ud83d\udcde RELANCES AUJOURD'HUI\n  \u2192 Dayyan (non_qualifie_referral) \u2014 DM Wally Invest (@wallinvest?) \u2014 r\u00e9f\u00e9ral de Dayyan, potentiel SaaS CloseGuard\n  \u2192 L\u00e9ni Constantin (interested_follow_up) \u2014 Relance dans 2-3 semaines \u2014 attendre qu'il ait plus de clients avec son infopreneur\n\n\u26a1 Streak No PMO : 0 \u2014 aujourd'hui \u00e7a recommence.\n\n\ud83d\udccb T\u00c2CHES \u2014 \u00c9CH\u00c9ANCES PROCHES\n  \u2192 Faire la demande pour r\u00e9cup\u00e9rer le permis de conduire \u2014 \u26a0 En retard de 36 jour(s) !\n  \u2192 Refaire un nouveau passeport \u2014 \u26a0 En retard de 10 jour(s) !\n  \u2192 Acheter un tr\u00e9pied pour Fares avant de quitter KL \u2014 \u26a0 En retard de 6 jour(s) !\n  \u2192 Tourner la vid\u00e9o de prospection (Airbnb, vue Petronas, le soir) \u2014 \u26a0 En retard de 7 jour(s) !\n\n\n\ud83d\ude34 Question sommeil : \u00c0 quelle heure t'es couch\u00e9 hier soir ?\n(R\u00e9ponds directement ici, ex: \"2h30\")\n\n\u2014 JARVIS","entities":[{"offset":2,"length":40,"type":"bold"},{"offset":76,"length":21,"type":"bold"},{"offset":315,"length":20,"type":"bold"},{"offset":390,"length":11,"type":"mention"},{"offset":634,"length":26,"type":"bold"},{"offset":997,"length":18,"type":"bold"}]}}
⚡ <b>JARVIS MORNING BRIEF — Dimanche 12 juillet</b>

⚪ Pas de données pour hier.

🎯 <b>PRIORITÉS AUJOURD'HUI</b>
  1. 2 DMs outreach de qualité — commence maintenant.
  2. Bloc deep work 3h minimum — ferme les notifs, pas de réseaux avant 18h.
  3. Delivery Didier — avance sur la vidéo pre-call ou les stories cette semaine.

📞 <b>RELANCES AUJOURD'HUI</b>
  → Dayyan (non_qualifie_referral) — DM Wally Invest (@wallinvest?) — référal de Dayyan, potentiel SaaS CloseGuard
  → Léni Constantin (interested_follow_up) — Relance dans 2-3 semaines — attendre qu'il ait plus de clients avec son infopreneur

⚡ Streak No PMO : 0 — aujourd'hui ça recommence.

📋 <b>TÂCHES — ÉCHÉANCES PROCHES</b>
  → Faire la demande pour récupérer le permis de conduire — ⚠ En retard de 37 jour(s) !
  → Refaire un nouveau passeport — ⚠ En retard de 11 jour(s) !
  → Acheter un trépied pour Fares avant de quitter KL — ⚠ En retard de 7 jour(s) !
  → Tourner la vidéo de prospection (Airbnb, vue Petronas, le soir) — ⚠ En retard de 8 jour(s) !


😴 <b>Question sommeil :</b> À quelle heure t'es couché hier soir ?
(Réponds directement ici, ex: "2h30")

— JARVIS

--- Sending to Telegram ---
{"ok":true,"result":{"message_id":2502,"from":{"id":8997450587,"is_bot":true,"first_name":"Jarvis","username":"shayan_claude_bot"},"chat":{"id":5351269136,"first_name":"Drkflow","username":"drkfloww","type":"private"},"date":1783816204,"text":"\u26a1 JARVIS MORNING BRIEF \u2014 Dimanche 12 juillet\n\n\u26aa Pas de donn\u00e9es pour hier.\n\n\ud83c\udfaf PRIORIT\u00c9S AUJOURD'HUI\n  1. 2 DMs outreach de qualit\u00e9 \u2014 commence maintenant.\n  2. Bloc deep work 3h minimum \u2014 ferme les notifs, pas de r\u00e9seaux avant 18h.\n  3. Delivery Didier \u2014 avance sur la vid\u00e9o pre-call ou les stories cette semaine.\n\n\ud83d\udcde RELANCES AUJOURD'HUI\n  \u2192 Dayyan (non_qualifie_referral) \u2014 DM Wally Invest (@wallinvest?) \u2014 r\u00e9f\u00e9ral de Dayyan, potentiel SaaS CloseGuard\n  \u2192 L\u00e9ni Constantin (interested_follow_up) \u2014 Relance dans 2-3 semaines \u2014 attendre qu'il ait plus de clients avec son infopreneur\n\n\u26a1 Streak No PMO : 0 \u2014 aujourd'hui \u00e7a recommence.\n\n\ud83d\udccb T\u00c2CHES \u2014 \u00c9CH\u00c9ANCES PROCHES\n  \u2192 Faire la demande pour r\u00e9cup\u00e9rer le permis de conduire \u2014 \u26a0 En retard de 37 jour(s) !\n  \u2192 Refaire un nouveau passeport \u2014 \u26a0 En retard de 11 jour(s) !\n  \u2192 Acheter un tr\u00e9pied pour Fares avant de quitter KL \u2014 \u26a0 En retard de 7 jour(s) !\n  \u2192 Tourner la vid\u00e9o de prospection (Airbnb, vue Petronas, le soir) \u2014 \u26a0 En retard de 8 jour(s) !\n\n\n\ud83d\ude34 Question sommeil : \u00c0 quelle heure t'es couch\u00e9 hier soir ?\n(R\u00e9ponds directement ici, ex: \"2h30\")\n\n\u2014 JARVIS","entities":[{"offset":2,"length":42,"type":"bold"},{"offset":78,"length":21,"type":"bold"},{"offset":317,"length":20,"type":"bold"},{"offset":392,"length":11,"type":"mention"},{"offset":636,"length":26,"type":"bold"},{"offset":999,"length":18,"type":"bold"}]}}
⚡ <b>JARVIS MORNING BRIEF — Lundi 13 juillet</b>

⚪ Pas de données pour hier.

🎯 <b>PRIORITÉS AUJOURD'HUI</b>
  1. 2 DMs outreach de qualité — commence maintenant.
  2. Bloc deep work 3h minimum — ferme les notifs, pas de réseaux avant 18h.
  3. Delivery Didier — avance sur la vidéo pre-call ou les stories cette semaine.

📞 <b>RELANCES AUJOURD'HUI</b>
  → Dayyan (non_qualifie_referral) — DM Wally Invest (@wallinvest?) — référal de Dayyan, potentiel SaaS CloseGuard
  → Léni Constantin (interested_follow_up) — Relance dans 2-3 semaines — attendre qu'il ait plus de clients avec son infopreneur

⚡ Streak No PMO : 0 — aujourd'hui ça recommence.

📋 <b>TÂCHES — ÉCHÉANCES PROCHES</b>
  → Faire la demande pour récupérer le permis de conduire — ⚠ En retard de 38 jour(s) !
  → Refaire un nouveau passeport — ⚠ En retard de 12 jour(s) !
  → Acheter un trépied pour Fares avant de quitter KL — ⚠ En retard de 8 jour(s) !
  → Tourner la vidéo de prospection (Airbnb, vue Petronas, le soir) — ⚠ En retard de 9 jour(s) !


😴 <b>Question sommeil :</b> À quelle heure t'es couché hier soir ?
(Réponds directement ici, ex: "2h30")

— JARVIS

--- Sending to Telegram ---
{"ok":true,"result":{"message_id":2511,"from":{"id":8997450587,"is_bot":true,"first_name":"Jarvis","username":"shayan_claude_bot"},"chat":{"id":5351269136,"first_name":"Drkflow","username":"drkfloww","type":"private"},"date":1783924201,"text":"\u26a1 JARVIS MORNING BRIEF \u2014 Lundi 13 juillet\n\n\u26aa Pas de donn\u00e9es pour hier.\n\n\ud83c\udfaf PRIORIT\u00c9S AUJOURD'HUI\n  1. 2 DMs outreach de qualit\u00e9 \u2014 commence maintenant.\n  2. Bloc deep work 3h minimum \u2014 ferme les notifs, pas de r\u00e9seaux avant 18h.\n  3. Delivery Didier \u2014 avance sur la vid\u00e9o pre-call ou les stories cette semaine.\n\n\ud83d\udcde RELANCES AUJOURD'HUI\n  \u2192 Dayyan (non_qualifie_referral) \u2014 DM Wally Invest (@wallinvest?) \u2014 r\u00e9f\u00e9ral de Dayyan, potentiel SaaS CloseGuard\n  \u2192 L\u00e9ni Constantin (interested_follow_up) \u2014 Relance dans 2-3 semaines \u2014 attendre qu'il ait plus de clients avec son infopreneur\n\n\u26a1 Streak No PMO : 0 \u2014 aujourd'hui \u00e7a recommence.\n\n\ud83d\udccb T\u00c2CHES \u2014 \u00c9CH\u00c9ANCES PROCHES\n  \u2192 Faire la demande pour r\u00e9cup\u00e9rer le permis de conduire \u2014 \u26a0 En retard de 38 jour(s) !\n  \u2192 Refaire un nouveau passeport \u2014 \u26a0 En retard de 12 jour(s) !\n  \u2192 Acheter un tr\u00e9pied pour Fares avant de quitter KL \u2014 \u26a0 En retard de 8 jour(s) !\n  \u2192 Tourner la vid\u00e9o de prospection (Airbnb, vue Petronas, le soir) \u2014 \u26a0 En retard de 9 jour(s) !\n\n\n\ud83d\ude34 Question sommeil : \u00c0 quelle heure t'es couch\u00e9 hier soir ?\n(R\u00e9ponds directement ici, ex: \"2h30\")\n\n\u2014 JARVIS","entities":[{"offset":2,"length":39,"type":"bold"},{"offset":75,"length":21,"type":"bold"},{"offset":314,"length":20,"type":"bold"},{"offset":389,"length":11,"type":"mention"},{"offset":633,"length":26,"type":"bold"},{"offset":996,"length":18,"type":"bold"}]}}
⚡ <b>JARVIS MORNING BRIEF — Mardi 14 juillet</b>

⚪ Pas de données pour hier.

🎯 <b>PRIORITÉS AUJOURD'HUI</b>
  1. 2 DMs outreach de qualité — commence maintenant.
  2. Bloc deep work 3h minimum — ferme les notifs, pas de réseaux avant 18h.
  3. Delivery Didier — avance sur la vidéo pre-call ou les stories cette semaine.

📞 <b>RELANCES AUJOURD'HUI</b>
  → Dayyan (non_qualifie_referral) — DM Wally Invest (@wallinvest?) — référal de Dayyan, potentiel SaaS CloseGuard
  → Léni Constantin (interested_follow_up) — Relance dans 2-3 semaines — attendre qu'il ait plus de clients avec son infopreneur

⚡ Streak No PMO : 0 — aujourd'hui ça recommence.

📋 <b>TÂCHES — ÉCHÉANCES PROCHES</b>
  → Faire la demande pour récupérer le permis de conduire — ⚠ En retard de 39 jour(s) !
  → Refaire un nouveau passeport — ⚠ En retard de 13 jour(s) !
  → Acheter un trépied pour Fares avant de quitter KL — ⚠ En retard de 9 jour(s) !
  → Tourner la vidéo de prospection (Airbnb, vue Petronas, le soir) — ⚠ En retard de 10 jour(s) !


😴 <b>Question sommeil :</b> À quelle heure t'es couché hier soir ?
(Réponds directement ici, ex: "2h30")

— JARVIS

--- Sending to Telegram ---
{"ok":true,"result":{"message_id":2525,"from":{"id":8997450587,"is_bot":true,"first_name":"Jarvis","username":"shayan_claude_bot"},"chat":{"id":5351269136,"first_name":"Drkflow","username":"drkfloww","type":"private"},"date":1784010605,"text":"\u26a1 JARVIS MORNING BRIEF \u2014 Mardi 14 juillet\n\n\u26aa Pas de donn\u00e9es pour hier.\n\n\ud83c\udfaf PRIORIT\u00c9S AUJOURD'HUI\n  1. 2 DMs outreach de qualit\u00e9 \u2014 commence maintenant.\n  2. Bloc deep work 3h minimum \u2014 ferme les notifs, pas de r\u00e9seaux avant 18h.\n  3. Delivery Didier \u2014 avance sur la vid\u00e9o pre-call ou les stories cette semaine.\n\n\ud83d\udcde RELANCES AUJOURD'HUI\n  \u2192 Dayyan (non_qualifie_referral) \u2014 DM Wally Invest (@wallinvest?) \u2014 r\u00e9f\u00e9ral de Dayyan, potentiel SaaS CloseGuard\n  \u2192 L\u00e9ni Constantin (interested_follow_up) \u2014 Relance dans 2-3 semaines \u2014 attendre qu'il ait plus de clients avec son infopreneur\n\n\u26a1 Streak No PMO : 0 \u2014 aujourd'hui \u00e7a recommence.\n\n\ud83d\udccb T\u00c2CHES \u2014 \u00c9CH\u00c9ANCES PROCHES\n  \u2192 Faire la demande pour r\u00e9cup\u00e9rer le permis de conduire \u2014 \u26a0 En retard de 39 jour(s) !\n  \u2192 Refaire un nouveau passeport \u2014 \u26a0 En retard de 13 jour(s) !\n  \u2192 Acheter un tr\u00e9pied pour Fares avant de quitter KL \u2014 \u26a0 En retard de 9 jour(s) !\n  \u2192 Tourner la vid\u00e9o de prospection (Airbnb, vue Petronas, le soir) \u2014 \u26a0 En retard de 10 jour(s) !\n\n\n\ud83d\ude34 Question sommeil : \u00c0 quelle heure t'es couch\u00e9 hier soir ?\n(R\u00e9ponds directement ici, ex: \"2h30\")\n\n\u2014 JARVIS","entities":[{"offset":2,"length":39,"type":"bold"},{"offset":75,"length":21,"type":"bold"},{"offset":314,"length":20,"type":"bold"},{"offset":389,"length":11,"type":"mention"},{"offset":633,"length":26,"type":"bold"},{"offset":997,"length":18,"type":"bold"}]}}
⚡ <b>JARVIS MORNING BRIEF — Mercredi 15 juillet</b>

⚪ Pas de données pour hier.

🎯 <b>PRIORITÉS AUJOURD'HUI</b>
  1. 2 DMs outreach de qualité — commence maintenant.
  2. Bloc deep work 3h minimum — ferme les notifs, pas de réseaux avant 18h.
  3. Delivery Didier — avance sur la vidéo pre-call ou les stories cette semaine.

📞 <b>RELANCES AUJOURD'HUI</b>
  → Dayyan (non_qualifie_referral) — DM Wally Invest (@wallinvest?) — référal de Dayyan, potentiel SaaS CloseGuard
  → Léni Constantin (interested_follow_up) — Relance dans 2-3 semaines — attendre qu'il ait plus de clients avec son infopreneur

⚡ Streak No PMO : 0 — aujourd'hui ça recommence.

📋 <b>TÂCHES — ÉCHÉANCES PROCHES</b>
  → Faire la demande pour récupérer le permis de conduire — ⚠ En retard de 40 jour(s) !
  → Refaire un nouveau passeport — ⚠ En retard de 14 jour(s) !
  → Acheter un trépied pour Fares avant de quitter KL — ⚠ En retard de 10 jour(s) !
  → Tourner la vidéo de prospection (Airbnb, vue Petronas, le soir) — ⚠ En retard de 11 jour(s) !


😴 <b>Question sommeil :</b> À quelle heure t'es couché hier soir ?
(Réponds directement ici, ex: "2h30")

— JARVIS

--- Sending to Telegram ---
{"ok":true,"result":{"message_id":2535,"from":{"id":8997450587,"is_bot":true,"first_name":"Jarvis","username":"shayan_claude_bot"},"chat":{"id":5351269136,"first_name":"Drkflow","username":"drkfloww","type":"private"},"date":1784097004,"text":"\u26a1 JARVIS MORNING BRIEF \u2014 Mercredi 15 juillet\n\n\u26aa Pas de donn\u00e9es pour hier.\n\n\ud83c\udfaf PRIORIT\u00c9S AUJOURD'HUI\n  1. 2 DMs outreach de qualit\u00e9 \u2014 commence maintenant.\n  2. Bloc deep work 3h minimum \u2014 ferme les notifs, pas de r\u00e9seaux avant 18h.\n  3. Delivery Didier \u2014 avance sur la vid\u00e9o pre-call ou les stories cette semaine.\n\n\ud83d\udcde RELANCES AUJOURD'HUI\n  \u2192 Dayyan (non_qualifie_referral) \u2014 DM Wally Invest (@wallinvest?) \u2014 r\u00e9f\u00e9ral de Dayyan, potentiel SaaS CloseGuard\n  \u2192 L\u00e9ni Constantin (interested_follow_up) \u2014 Relance dans 2-3 semaines \u2014 attendre qu'il ait plus de clients avec son infopreneur\n\n\u26a1 Streak No PMO : 0 \u2014 aujourd'hui \u00e7a recommence.\n\n\ud83d\udccb T\u00c2CHES \u2014 \u00c9CH\u00c9ANCES PROCHES\n  \u2192 Faire la demande pour r\u00e9cup\u00e9rer le permis de conduire \u2014 \u26a0 En retard de 40 jour(s) !\n  \u2192 Refaire un nouveau passeport \u2014 \u26a0 En retard de 14 jour(s) !\n  \u2192 Acheter un tr\u00e9pied pour Fares avant de quitter KL \u2014 \u26a0 En retard de 10 jour(s) !\n  \u2192 Tourner la vid\u00e9o de prospection (Airbnb, vue Petronas, le soir) \u2014 \u26a0 En retard de 11 jour(s) !\n\n\n\ud83d\ude34 Question sommeil : \u00c0 quelle heure t'es couch\u00e9 hier soir ?\n(R\u00e9ponds directement ici, ex: \"2h30\")\n\n\u2014 JARVIS","entities":[{"offset":2,"length":42,"type":"bold"},{"offset":78,"length":21,"type":"bold"},{"offset":317,"length":20,"type":"bold"},{"offset":392,"length":11,"type":"mention"},{"offset":636,"length":26,"type":"bold"},{"offset":1001,"length":18,"type":"bold"}]}}
⚡ <b>JARVIS MORNING BRIEF — Jeudi 16 juillet</b>

⚪ Pas de données pour hier.

🎯 <b>PRIORITÉS AUJOURD'HUI</b>
  1. 2 DMs outreach de qualité — commence maintenant.
  2. Bloc deep work 3h minimum — ferme les notifs, pas de réseaux avant 18h.
  3. Delivery Didier — avance sur la vidéo pre-call ou les stories cette semaine.

📞 <b>RELANCES AUJOURD'HUI</b>
  → Dayyan (non_qualifie_referral) — DM Wally Invest (@wallinvest?) — référal de Dayyan, potentiel SaaS CloseGuard
  → Léni Constantin (interested_follow_up) — Relance dans 2-3 semaines — attendre qu'il ait plus de clients avec son infopreneur

⚡ Streak No PMO : 0 — aujourd'hui ça recommence.

📋 <b>TÂCHES — ÉCHÉANCES PROCHES</b>
  → Faire la demande pour récupérer le permis de conduire — ⚠ En retard de 41 jour(s) !
  → Refaire un nouveau passeport — ⚠ En retard de 15 jour(s) !
  → Acheter un trépied pour Fares avant de quitter KL — ⚠ En retard de 11 jour(s) !
  → Tourner la vidéo de prospection (Airbnb, vue Petronas, le soir) — ⚠ En retard de 12 jour(s) !


😴 <b>Question sommeil :</b> À quelle heure t'es couché hier soir ?
(Réponds directement ici, ex: "2h30")

— JARVIS

--- Sending to Telegram ---

⚡ <b>JARVIS MORNING BRIEF — Vendredi 17 juillet</b>

⚪ Pas de données pour hier.

🎯 <b>PRIORITÉS AUJOURD'HUI</b>
  1. 2 DMs outreach de qualité — commence maintenant.
  2. Bloc deep work 3h minimum — ferme les notifs, pas de réseaux avant 18h.
  3. Delivery Didier — avance sur la vidéo pre-call ou les stories cette semaine.

📞 <b>RELANCES AUJOURD'HUI</b>
  → Dayyan (non_qualifie_referral) — DM Wally Invest (@wallinvest?) — référal de Dayyan, potentiel SaaS CloseGuard
  → Léni Constantin (interested_follow_up) — Relance dans 2-3 semaines — attendre qu'il ait plus de clients avec son infopreneur

⚡ Streak No PMO : 0 — aujourd'hui ça recommence.

📋 <b>TÂCHES — ÉCHÉANCES PROCHES</b>
  → Faire la demande pour récupérer le permis de conduire — ⚠ En retard de 42 jour(s) !
  → Refaire un nouveau passeport — ⚠ En retard de 16 jour(s) !
  → Acheter un trépied pour Fares avant de quitter KL — ⚠ En retard de 12 jour(s) !
  → Tourner la vidéo de prospection (Airbnb, vue Petronas, le soir) — ⚠ En retard de 13 jour(s) !


😴 <b>Question sommeil :</b> À quelle heure t'es couché hier soir ?
(Réponds directement ici, ex: "2h30")

— JARVIS

--- Sending to Telegram ---
{"ok":true,"result":{"message_id":2578,"from":{"id":8997450587,"is_bot":true,"first_name":"Jarvis","username":"shayan_claude_bot"},"chat":{"id":5351269136,"first_name":"Drkflow","username":"drkfloww","type":"private"},"date":1784269806,"text":"\u26a1 JARVIS MORNING BRIEF \u2014 Vendredi 17 juillet\n\n\u26aa Pas de donn\u00e9es pour hier.\n\n\ud83c\udfaf PRIORIT\u00c9S AUJOURD'HUI\n  1. 2 DMs outreach de qualit\u00e9 \u2014 commence maintenant.\n  2. Bloc deep work 3h minimum \u2014 ferme les notifs, pas de r\u00e9seaux avant 18h.\n  3. Delivery Didier \u2014 avance sur la vid\u00e9o pre-call ou les stories cette semaine.\n\n\ud83d\udcde RELANCES AUJOURD'HUI\n  \u2192 Dayyan (non_qualifie_referral) \u2014 DM Wally Invest (@wallinvest?) \u2014 r\u00e9f\u00e9ral de Dayyan, potentiel SaaS CloseGuard\n  \u2192 L\u00e9ni Constantin (interested_follow_up) \u2014 Relance dans 2-3 semaines \u2014 attendre qu'il ait plus de clients avec son infopreneur\n\n\u26a1 Streak No PMO : 0 \u2014 aujourd'hui \u00e7a recommence.\n\n\ud83d\udccb T\u00c2CHES \u2014 \u00c9CH\u00c9ANCES PROCHES\n  \u2192 Faire la demande pour r\u00e9cup\u00e9rer le permis de conduire \u2014 \u26a0 En retard de 42 jour(s) !\n  \u2192 Refaire un nouveau passeport \u2014 \u26a0 En retard de 16 jour(s) !\n  \u2192 Acheter un tr\u00e9pied pour Fares avant de quitter KL \u2014 \u26a0 En retard de 12 jour(s) !\n  \u2192 Tourner la vid\u00e9o de prospection (Airbnb, vue Petronas, le soir) \u2014 \u26a0 En retard de 13 jour(s) !\n\n\n\ud83d\ude34 Question sommeil : \u00c0 quelle heure t'es couch\u00e9 hier soir ?\n(R\u00e9ponds directement ici, ex: \"2h30\")\n\n\u2014 JARVIS","entities":[{"offset":2,"length":42,"type":"bold"},{"offset":78,"length":21,"type":"bold"},{"offset":317,"length":20,"type":"bold"},{"offset":392,"length":11,"type":"mention"},{"offset":636,"length":26,"type":"bold"},{"offset":1001,"length":18,"type":"bold"}]}}
⚡ <b>JARVIS MORNING BRIEF — Samedi 18 juillet</b>

⚪ Pas de données pour hier.

🎯 <b>PRIORITÉS AUJOURD'HUI</b>
  1. 2 DMs outreach de qualité — commence maintenant.
  2. Bloc deep work 3h minimum — ferme les notifs, pas de réseaux avant 18h.
  3. Delivery Didier — avance sur la vidéo pre-call ou les stories cette semaine.

📞 <b>RELANCES AUJOURD'HUI</b>
  → Dayyan (non_qualifie_referral) — DM Wally Invest (@wallinvest?) — référal de Dayyan, potentiel SaaS CloseGuard
  → Léni Constantin (interested_follow_up) — Relance dans 2-3 semaines — attendre qu'il ait plus de clients avec son infopreneur

⚡ Streak No PMO : 0 — aujourd'hui ça recommence.

📋 <b>TÂCHES — ÉCHÉANCES PROCHES</b>
  → Faire la demande pour récupérer le permis de conduire — ⚠ En retard de 43 jour(s) !
  → Refaire un nouveau passeport — ⚠ En retard de 17 jour(s) !
  → Acheter un trépied pour Fares avant de quitter KL — ⚠ En retard de 13 jour(s) !
  → Tourner la vidéo de prospection (Airbnb, vue Petronas, le soir) — ⚠ En retard de 14 jour(s) !


😴 <b>Question sommeil :</b> À quelle heure t'es couché hier soir ?
(Réponds directement ici, ex: "2h30")

— JARVIS

--- Sending to Telegram ---

⚡ <b>JARVIS MORNING BRIEF — Dimanche 19 juillet</b>

⚪ Pas de données pour hier.

🎯 <b>PRIORITÉS AUJOURD'HUI</b>
  1. 2 DMs outreach de qualité — commence maintenant.
  2. Bloc deep work 3h minimum — ferme les notifs, pas de réseaux avant 18h.
  3. Delivery Didier — avance sur la vidéo pre-call ou les stories cette semaine.

📞 <b>RELANCES AUJOURD'HUI</b>
  → Dayyan (non_qualifie_referral) — DM Wally Invest (@wallinvest?) — référal de Dayyan, potentiel SaaS CloseGuard
  → Léni Constantin (interested_follow_up) — Relance dans 2-3 semaines — attendre qu'il ait plus de clients avec son infopreneur

⚡ Streak No PMO : 0 — aujourd'hui ça recommence.

📋 <b>TÂCHES — ÉCHÉANCES PROCHES</b>
  → Faire la demande pour récupérer le permis de conduire — ⚠ En retard de 44 jour(s) !
  → Refaire un nouveau passeport — ⚠ En retard de 18 jour(s) !
  → Acheter un trépied pour Fares avant de quitter KL — ⚠ En retard de 14 jour(s) !
  → Tourner la vidéo de prospection (Airbnb, vue Petronas, le soir) — ⚠ En retard de 15 jour(s) !


😴 <b>Question sommeil :</b> À quelle heure t'es couché hier soir ?
(Réponds directement ici, ex: "2h30")

— JARVIS

--- Sending to Telegram ---
{"ok":true,"result":{"message_id":2624,"from":{"id":8997450587,"is_bot":true,"first_name":"Jarvis","username":"shayan_claude_bot"},"chat":{"id":5351269136,"first_name":"Drkflow","username":"drkfloww","type":"private"},"date":1784442606,"text":"\u26a1 JARVIS MORNING BRIEF \u2014 Dimanche 19 juillet\n\n\u26aa Pas de donn\u00e9es pour hier.\n\n\ud83c\udfaf PRIORIT\u00c9S AUJOURD'HUI\n  1. 2 DMs outreach de qualit\u00e9 \u2014 commence maintenant.\n  2. Bloc deep work 3h minimum \u2014 ferme les notifs, pas de r\u00e9seaux avant 18h.\n  3. Delivery Didier \u2014 avance sur la vid\u00e9o pre-call ou les stories cette semaine.\n\n\ud83d\udcde RELANCES AUJOURD'HUI\n  \u2192 Dayyan (non_qualifie_referral) \u2014 DM Wally Invest (@wallinvest?) \u2014 r\u00e9f\u00e9ral de Dayyan, potentiel SaaS CloseGuard\n  \u2192 L\u00e9ni Constantin (interested_follow_up) \u2014 Relance dans 2-3 semaines \u2014 attendre qu'il ait plus de clients avec son infopreneur\n\n\u26a1 Streak No PMO : 0 \u2014 aujourd'hui \u00e7a recommence.\n\n\ud83d\udccb T\u00c2CHES \u2014 \u00c9CH\u00c9ANCES PROCHES\n  \u2192 Faire la demande pour r\u00e9cup\u00e9rer le permis de conduire \u2014 \u26a0 En retard de 44 jour(s) !\n  \u2192 Refaire un nouveau passeport \u2014 \u26a0 En retard de 18 jour(s) !\n  \u2192 Acheter un tr\u00e9pied pour Fares avant de quitter KL \u2014 \u26a0 En retard de 14 jour(s) !\n  \u2192 Tourner la vid\u00e9o de prospection (Airbnb, vue Petronas, le soir) \u2014 \u26a0 En retard de 15 jour(s) !\n\n\n\ud83d\ude34 Question sommeil : \u00c0 quelle heure t'es couch\u00e9 hier soir ?\n(R\u00e9ponds directement ici, ex: \"2h30\")\n\n\u2014 JARVIS","entities":[{"offset":2,"length":42,"type":"bold"},{"offset":78,"length":21,"type":"bold"},{"offset":317,"length":20,"type":"bold"},{"offset":392,"length":11,"type":"mention"},{"offset":636,"length":26,"type":"bold"},{"offset":1001,"length":18,"type":"bold"}]}}
⚡ <b>JARVIS MORNING BRIEF — Lundi 20 juillet</b>

⚪ Pas de données pour hier.

🎯 <b>PRIORITÉS AUJOURD'HUI</b>
  1. 2 DMs outreach de qualité — commence maintenant.
  2. Bloc deep work 3h minimum — ferme les notifs, pas de réseaux avant 18h.
  3. Delivery Didier — avance sur la vidéo pre-call ou les stories cette semaine.

📞 <b>RELANCES AUJOURD'HUI</b>
  → Dayyan (non_qualifie_referral) — DM Wally Invest (@wallinvest?) — référal de Dayyan, potentiel SaaS CloseGuard
  → Léni Constantin (interested_follow_up) — Relance dans 2-3 semaines — attendre qu'il ait plus de clients avec son infopreneur

⚡ Streak No PMO : 0 — aujourd'hui ça recommence.

📋 <b>TÂCHES — ÉCHÉANCES PROCHES</b>
  → Faire la demande pour récupérer le permis de conduire — ⚠ En retard de 45 jour(s) !
  → Refaire un nouveau passeport — ⚠ En retard de 19 jour(s) !
  → Acheter un trépied pour Fares avant de quitter KL — ⚠ En retard de 15 jour(s) !
  → Tourner la vidéo de prospection (Airbnb, vue Petronas, le soir) — ⚠ En retard de 16 jour(s) !


😴 <b>Question sommeil :</b> À quelle heure t'es couché hier soir ?
(Réponds directement ici, ex: "2h30")

— JARVIS

--- Sending to Telegram ---
{"ok":true,"result":{"message_id":2629,"from":{"id":8997450587,"is_bot":true,"first_name":"Jarvis","username":"shayan_claude_bot"},"chat":{"id":5351269136,"first_name":"Drkflow","username":"drkfloww","type":"private"},"date":1784529005,"text":"\u26a1 JARVIS MORNING BRIEF \u2014 Lundi 20 juillet\n\n\u26aa Pas de donn\u00e9es pour hier.\n\n\ud83c\udfaf PRIORIT\u00c9S AUJOURD'HUI\n  1. 2 DMs outreach de qualit\u00e9 \u2014 commence maintenant.\n  2. Bloc deep work 3h minimum \u2014 ferme les notifs, pas de r\u00e9seaux avant 18h.\n  3. Delivery Didier \u2014 avance sur la vid\u00e9o pre-call ou les stories cette semaine.\n\n\ud83d\udcde RELANCES AUJOURD'HUI\n  \u2192 Dayyan (non_qualifie_referral) \u2014 DM Wally Invest (@wallinvest?) \u2014 r\u00e9f\u00e9ral de Dayyan, potentiel SaaS CloseGuard\n  \u2192 L\u00e9ni Constantin (interested_follow_up) \u2014 Relance dans 2-3 semaines \u2014 attendre qu'il ait plus de clients avec son infopreneur\n\n\u26a1 Streak No PMO : 0 \u2014 aujourd'hui \u00e7a recommence.\n\n\ud83d\udccb T\u00c2CHES \u2014 \u00c9CH\u00c9ANCES PROCHES\n  \u2192 Faire la demande pour r\u00e9cup\u00e9rer le permis de conduire \u2014 \u26a0 En retard de 45 jour(s) !\n  \u2192 Refaire un nouveau passeport \u2014 \u26a0 En retard de 19 jour(s) !\n  \u2192 Acheter un tr\u00e9pied pour Fares avant de quitter KL \u2014 \u26a0 En retard de 15 jour(s) !\n  \u2192 Tourner la vid\u00e9o de prospection (Airbnb, vue Petronas, le soir) \u2014 \u26a0 En retard de 16 jour(s) !\n\n\n\ud83d\ude34 Question sommeil : \u00c0 quelle heure t'es couch\u00e9 hier soir ?\n(R\u00e9ponds directement ici, ex: \"2h30\")\n\n\u2014 JARVIS","entities":[{"offset":2,"length":39,"type":"bold"},{"offset":75,"length":21,"type":"bold"},{"offset":314,"length":20,"type":"bold"},{"offset":389,"length":11,"type":"mention"},{"offset":633,"length":26,"type":"bold"},{"offset":998,"length":18,"type":"bold"}]}}
⚡ <b>JARVIS MORNING BRIEF — Mardi 21 juillet</b>

⚪ Pas de données pour hier.

🎯 <b>PRIORITÉS AUJOURD'HUI</b>
  1. 2 DMs outreach de qualité — commence maintenant.
  2. Bloc deep work 3h minimum — ferme les notifs, pas de réseaux avant 18h.
  3. Delivery Didier — avance sur la vidéo pre-call ou les stories cette semaine.

📞 <b>RELANCES AUJOURD'HUI</b>
  → Dayyan (non_qualifie_referral) — DM Wally Invest (@wallinvest?) — référal de Dayyan, potentiel SaaS CloseGuard
  → Léni Constantin (interested_follow_up) — Relance dans 2-3 semaines — attendre qu'il ait plus de clients avec son infopreneur

⚡ Streak No PMO : 0 — aujourd'hui ça recommence.

📋 <b>TÂCHES — ÉCHÉANCES PROCHES</b>
  → Faire la demande pour récupérer le permis de conduire — ⚠ En retard de 46 jour(s) !
  → Refaire un nouveau passeport — ⚠ En retard de 20 jour(s) !
  → Acheter un trépied pour Fares avant de quitter KL — ⚠ En retard de 16 jour(s) !
  → Tourner la vidéo de prospection (Airbnb, vue Petronas, le soir) — ⚠ En retard de 17 jour(s) !


😴 <b>Question sommeil :</b> À quelle heure t'es couché hier soir ?
(Réponds directement ici, ex: "2h30")

— JARVIS

--- Sending to Telegram ---
{"ok":true,"result":{"message_id":2644,"from":{"id":8997450587,"is_bot":true,"first_name":"Jarvis","username":"shayan_claude_bot"},"chat":{"id":5351269136,"first_name":"Drkflow","username":"drkfloww","type":"private"},"date":1784615405,"text":"\u26a1 JARVIS MORNING BRIEF \u2014 Mardi 21 juillet\n\n\u26aa Pas de donn\u00e9es pour hier.\n\n\ud83c\udfaf PRIORIT\u00c9S AUJOURD'HUI\n  1. 2 DMs outreach de qualit\u00e9 \u2014 commence maintenant.\n  2. Bloc deep work 3h minimum \u2014 ferme les notifs, pas de r\u00e9seaux avant 18h.\n  3. Delivery Didier \u2014 avance sur la vid\u00e9o pre-call ou les stories cette semaine.\n\n\ud83d\udcde RELANCES AUJOURD'HUI\n  \u2192 Dayyan (non_qualifie_referral) \u2014 DM Wally Invest (@wallinvest?) \u2014 r\u00e9f\u00e9ral de Dayyan, potentiel SaaS CloseGuard\n  \u2192 L\u00e9ni Constantin (interested_follow_up) \u2014 Relance dans 2-3 semaines \u2014 attendre qu'il ait plus de clients avec son infopreneur\n\n\u26a1 Streak No PMO : 0 \u2014 aujourd'hui \u00e7a recommence.\n\n\ud83d\udccb T\u00c2CHES \u2014 \u00c9CH\u00c9ANCES PROCHES\n  \u2192 Faire la demande pour r\u00e9cup\u00e9rer le permis de conduire \u2014 \u26a0 En retard de 46 jour(s) !\n  \u2192 Refaire un nouveau passeport \u2014 \u26a0 En retard de 20 jour(s) !\n  \u2192 Acheter un tr\u00e9pied pour Fares avant de quitter KL \u2014 \u26a0 En retard de 16 jour(s) !\n  \u2192 Tourner la vid\u00e9o de prospection (Airbnb, vue Petronas, le soir) \u2014 \u26a0 En retard de 17 jour(s) !\n\n\n\ud83d\ude34 Question sommeil : \u00c0 quelle heure t'es couch\u00e9 hier soir ?\n(R\u00e9ponds directement ici, ex: \"2h30\")\n\n\u2014 JARVIS","entities":[{"offset":2,"length":39,"type":"bold"},{"offset":75,"length":21,"type":"bold"},{"offset":314,"length":20,"type":"bold"},{"offset":389,"length":11,"type":"mention"},{"offset":633,"length":26,"type":"bold"},{"offset":998,"length":18,"type":"bold"}]}}
⚡ <b>JARVIS MORNING BRIEF — Mercredi 22 juillet</b>

⚪ Pas de données pour hier.

🎯 <b>PRIORITÉS AUJOURD'HUI</b>
  1. 2 DMs outreach de qualité — commence maintenant.
  2. Bloc deep work 3h minimum — ferme les notifs, pas de réseaux avant 18h.
  3. Delivery Didier — avance sur la vidéo pre-call ou les stories cette semaine.

📞 <b>RELANCES AUJOURD'HUI</b>
  → Dayyan (non_qualifie_referral) — DM Wally Invest (@wallinvest?) — référal de Dayyan, potentiel SaaS CloseGuard
  → Léni Constantin (interested_follow_up) — Relance dans 2-3 semaines — attendre qu'il ait plus de clients avec son infopreneur

⚡ Streak No PMO : 0 — aujourd'hui ça recommence.

📋 <b>TÂCHES — ÉCHÉANCES PROCHES</b>
  → Faire la demande pour récupérer le permis de conduire — ⚠ En retard de 47 jour(s) !
  → Refaire un nouveau passeport — ⚠ En retard de 21 jour(s) !
  → Acheter un trépied pour Fares avant de quitter KL — ⚠ En retard de 17 jour(s) !
  → Tourner la vidéo de prospection (Airbnb, vue Petronas, le soir) — ⚠ En retard de 18 jour(s) !


😴 <b>Question sommeil :</b> À quelle heure t'es couché hier soir ?
(Réponds directement ici, ex: "2h30")

— JARVIS

--- Sending to Telegram ---
{"ok":true,"result":{"message_id":2658,"from":{"id":8997450587,"is_bot":true,"first_name":"Jarvis","username":"shayan_claude_bot"},"chat":{"id":5351269136,"first_name":"Drkflow","username":"drkfloww","type":"private"},"date":1784701805,"text":"\u26a1 JARVIS MORNING BRIEF \u2014 Mercredi 22 juillet\n\n\u26aa Pas de donn\u00e9es pour hier.\n\n\ud83c\udfaf PRIORIT\u00c9S AUJOURD'HUI\n  1. 2 DMs outreach de qualit\u00e9 \u2014 commence maintenant.\n  2. Bloc deep work 3h minimum \u2014 ferme les notifs, pas de r\u00e9seaux avant 18h.\n  3. Delivery Didier \u2014 avance sur la vid\u00e9o pre-call ou les stories cette semaine.\n\n\ud83d\udcde RELANCES AUJOURD'HUI\n  \u2192 Dayyan (non_qualifie_referral) \u2014 DM Wally Invest (@wallinvest?) \u2014 r\u00e9f\u00e9ral de Dayyan, potentiel SaaS CloseGuard\n  \u2192 L\u00e9ni Constantin (interested_follow_up) \u2014 Relance dans 2-3 semaines \u2014 attendre qu'il ait plus de clients avec son infopreneur\n\n\u26a1 Streak No PMO : 0 \u2014 aujourd'hui \u00e7a recommence.\n\n\ud83d\udccb T\u00c2CHES \u2014 \u00c9CH\u00c9ANCES PROCHES\n  \u2192 Faire la demande pour r\u00e9cup\u00e9rer le permis de conduire \u2014 \u26a0 En retard de 47 jour(s) !\n  \u2192 Refaire un nouveau passeport \u2014 \u26a0 En retard de 21 jour(s) !\n  \u2192 Acheter un tr\u00e9pied pour Fares avant de quitter KL \u2014 \u26a0 En retard de 17 jour(s) !\n  \u2192 Tourner la vid\u00e9o de prospection (Airbnb, vue Petronas, le soir) \u2014 \u26a0 En retard de 18 jour(s) !\n\n\n\ud83d\ude34 Question sommeil : \u00c0 quelle heure t'es couch\u00e9 hier soir ?\n(R\u00e9ponds directement ici, ex: \"2h30\")\n\n\u2014 JARVIS","entities":[{"offset":2,"length":42,"type":"bold"},{"offset":78,"length":21,"type":"bold"},{"offset":317,"length":20,"type":"bold"},{"offset":392,"length":11,"type":"mention"},{"offset":636,"length":26,"type":"bold"},{"offset":1001,"length":18,"type":"bold"}]}}
⚡ <b>JARVIS MORNING BRIEF — Jeudi 23 juillet</b>

⚪ Pas de données pour hier.

🎯 <b>PRIORITÉS AUJOURD'HUI</b>
  1. 2 DMs outreach de qualité — commence maintenant.
  2. Bloc deep work 3h minimum — ferme les notifs, pas de réseaux avant 18h.
  3. Delivery Didier — avance sur la vidéo pre-call ou les stories cette semaine.

📞 <b>RELANCES AUJOURD'HUI</b>
  → Dayyan (non_qualifie_referral) — DM Wally Invest (@wallinvest?) — référal de Dayyan, potentiel SaaS CloseGuard
  → Léni Constantin (interested_follow_up) — Relance dans 2-3 semaines — attendre qu'il ait plus de clients avec son infopreneur

⚡ Streak No PMO : 0 — aujourd'hui ça recommence.

📋 <b>TÂCHES — ÉCHÉANCES PROCHES</b>
  → Faire la demande pour récupérer le permis de conduire — ⚠ En retard de 48 jour(s) !
  → Refaire un nouveau passeport — ⚠ En retard de 22 jour(s) !
  → Acheter un trépied pour Fares avant de quitter KL — ⚠ En retard de 18 jour(s) !
  → Tourner la vidéo de prospection (Airbnb, vue Petronas, le soir) — ⚠ En retard de 19 jour(s) !


😴 <b>Question sommeil :</b> À quelle heure t'es couché hier soir ?
(Réponds directement ici, ex: "2h30")

— JARVIS

--- Sending to Telegram ---
{"ok":true,"result":{"message_id":2687,"from":{"id":8997450587,"is_bot":true,"first_name":"Jarvis","username":"shayan_claude_bot"},"chat":{"id":5351269136,"first_name":"Drkflow","username":"drkfloww","type":"private"},"date":1784788205,"text":"\u26a1 JARVIS MORNING BRIEF \u2014 Jeudi 23 juillet\n\n\u26aa Pas de donn\u00e9es pour hier.\n\n\ud83c\udfaf PRIORIT\u00c9S AUJOURD'HUI\n  1. 2 DMs outreach de qualit\u00e9 \u2014 commence maintenant.\n  2. Bloc deep work 3h minimum \u2014 ferme les notifs, pas de r\u00e9seaux avant 18h.\n  3. Delivery Didier \u2014 avance sur la vid\u00e9o pre-call ou les stories cette semaine.\n\n\ud83d\udcde RELANCES AUJOURD'HUI\n  \u2192 Dayyan (non_qualifie_referral) \u2014 DM Wally Invest (@wallinvest?) \u2014 r\u00e9f\u00e9ral de Dayyan, potentiel SaaS CloseGuard\n  \u2192 L\u00e9ni Constantin (interested_follow_up) \u2014 Relance dans 2-3 semaines \u2014 attendre qu'il ait plus de clients avec son infopreneur\n\n\u26a1 Streak No PMO : 0 \u2014 aujourd'hui \u00e7a recommence.\n\n\ud83d\udccb T\u00c2CHES \u2014 \u00c9CH\u00c9ANCES PROCHES\n  \u2192 Faire la demande pour r\u00e9cup\u00e9rer le permis de conduire \u2014 \u26a0 En retard de 48 jour(s) !\n  \u2192 Refaire un nouveau passeport \u2014 \u26a0 En retard de 22 jour(s) !\n  \u2192 Acheter un tr\u00e9pied pour Fares avant de quitter KL \u2014 \u26a0 En retard de 18 jour(s) !\n  \u2192 Tourner la vid\u00e9o de prospection (Airbnb, vue Petronas, le soir) \u2014 \u26a0 En retard de 19 jour(s) !\n\n\n\ud83d\ude34 Question sommeil : \u00c0 quelle heure t'es couch\u00e9 hier soir ?\n(R\u00e9ponds directement ici, ex: \"2h30\")\n\n\u2014 JARVIS","entities":[{"offset":2,"length":39,"type":"bold"},{"offset":75,"length":21,"type":"bold"},{"offset":314,"length":20,"type":"bold"},{"offset":389,"length":11,"type":"mention"},{"offset":633,"length":26,"type":"bold"},{"offset":998,"length":18,"type":"bold"}]}}
⚡ <b>JARVIS MORNING BRIEF — Vendredi 24 juillet</b>

⚪ Pas de données pour hier.

🎯 <b>PRIORITÉS AUJOURD'HUI</b>
  1. 2 DMs outreach de qualité — commence maintenant.
  2. Bloc deep work 3h minimum — ferme les notifs, pas de réseaux avant 18h.
  3. Delivery Didier — avance sur la vidéo pre-call ou les stories cette semaine.

📞 <b>RELANCES AUJOURD'HUI</b>
  → Dayyan (non_qualifie_referral) — DM Wally Invest (@wallinvest?) — référal de Dayyan, potentiel SaaS CloseGuard
  → Léni Constantin (interested_follow_up) — Relance dans 2-3 semaines — attendre qu'il ait plus de clients avec son infopreneur

⚡ Streak No PMO : 0 — aujourd'hui ça recommence.

📋 <b>TÂCHES — ÉCHÉANCES PROCHES</b>
  → Faire la demande pour récupérer le permis de conduire — ⚠ En retard de 49 jour(s) !
  → Refaire un nouveau passeport — ⚠ En retard de 23 jour(s) !
  → Acheter un trépied pour Fares avant de quitter KL — ⚠ En retard de 19 jour(s) !
  → Tourner la vidéo de prospection (Airbnb, vue Petronas, le soir) — ⚠ En retard de 20 jour(s) !


😴 <b>Question sommeil :</b> À quelle heure t'es couché hier soir ?
(Réponds directement ici, ex: "2h30")

— JARVIS

--- Sending to Telegram ---
{"ok":true,"result":{"message_id":2697,"from":{"id":8997450587,"is_bot":true,"first_name":"Jarvis","username":"shayan_claude_bot"},"chat":{"id":5351269136,"first_name":"Drkflow","username":"drkfloww","type":"private"},"date":1784874605,"text":"\u26a1 JARVIS MORNING BRIEF \u2014 Vendredi 24 juillet\n\n\u26aa Pas de donn\u00e9es pour hier.\n\n\ud83c\udfaf PRIORIT\u00c9S AUJOURD'HUI\n  1. 2 DMs outreach de qualit\u00e9 \u2014 commence maintenant.\n  2. Bloc deep work 3h minimum \u2014 ferme les notifs, pas de r\u00e9seaux avant 18h.\n  3. Delivery Didier \u2014 avance sur la vid\u00e9o pre-call ou les stories cette semaine.\n\n\ud83d\udcde RELANCES AUJOURD'HUI\n  \u2192 Dayyan (non_qualifie_referral) \u2014 DM Wally Invest (@wallinvest?) \u2014 r\u00e9f\u00e9ral de Dayyan, potentiel SaaS CloseGuard\n  \u2192 L\u00e9ni Constantin (interested_follow_up) \u2014 Relance dans 2-3 semaines \u2014 attendre qu'il ait plus de clients avec son infopreneur\n\n\u26a1 Streak No PMO : 0 \u2014 aujourd'hui \u00e7a recommence.\n\n\ud83d\udccb T\u00c2CHES \u2014 \u00c9CH\u00c9ANCES PROCHES\n  \u2192 Faire la demande pour r\u00e9cup\u00e9rer le permis de conduire \u2014 \u26a0 En retard de 49 jour(s) !\n  \u2192 Refaire un nouveau passeport \u2014 \u26a0 En retard de 23 jour(s) !\n  \u2192 Acheter un tr\u00e9pied pour Fares avant de quitter KL \u2014 \u26a0 En retard de 19 jour(s) !\n  \u2192 Tourner la vid\u00e9o de prospection (Airbnb, vue Petronas, le soir) \u2014 \u26a0 En retard de 20 jour(s) !\n\n\n\ud83d\ude34 Question sommeil : \u00c0 quelle heure t'es couch\u00e9 hier soir ?\n(R\u00e9ponds directement ici, ex: \"2h30\")\n\n\u2014 JARVIS","entities":[{"offset":2,"length":42,"type":"bold"},{"offset":78,"length":21,"type":"bold"},{"offset":317,"length":20,"type":"bold"},{"offset":392,"length":11,"type":"mention"},{"offset":636,"length":26,"type":"bold"},{"offset":1001,"length":18,"type":"bold"}]}}
⚡ <b>JARVIS MORNING BRIEF — Samedi 25 juillet</b>

⚪ Pas de données pour hier.

🎯 <b>PRIORITÉS AUJOURD'HUI</b>
  1. 2 DMs outreach de qualité — commence maintenant.
  2. Bloc deep work 3h minimum — ferme les notifs, pas de réseaux avant 18h.
  3. Delivery Didier — avance sur la vidéo pre-call ou les stories cette semaine.

📞 <b>RELANCES AUJOURD'HUI</b>
  → Dayyan (non_qualifie_referral) — DM Wally Invest (@wallinvest?) — référal de Dayyan, potentiel SaaS CloseGuard
  → Léni Constantin (interested_follow_up) — Relance dans 2-3 semaines — attendre qu'il ait plus de clients avec son infopreneur

⚡ Streak No PMO : 0 — aujourd'hui ça recommence.

📋 <b>TÂCHES — ÉCHÉANCES PROCHES</b>
  → Faire la demande pour récupérer le permis de conduire — ⚠ En retard de 50 jour(s) !
  → Refaire un nouveau passeport — ⚠ En retard de 24 jour(s) !
  → Acheter un trépied pour Fares avant de quitter KL — ⚠ En retard de 20 jour(s) !
  → Tourner la vidéo de prospection (Airbnb, vue Petronas, le soir) — ⚠ En retard de 21 jour(s) !


😴 <b>Question sommeil :</b> À quelle heure t'es couché hier soir ?
(Réponds directement ici, ex: "2h30")

— JARVIS

--- Sending to Telegram ---
{"ok":true,"result":{"message_id":2701,"from":{"id":8997450587,"is_bot":true,"first_name":"Jarvis","username":"shayan_claude_bot"},"chat":{"id":5351269136,"first_name":"Drkflow","username":"drkfloww","type":"private"},"date":1784961005,"text":"\u26a1 JARVIS MORNING BRIEF \u2014 Samedi 25 juillet\n\n\u26aa Pas de donn\u00e9es pour hier.\n\n\ud83c\udfaf PRIORIT\u00c9S AUJOURD'HUI\n  1. 2 DMs outreach de qualit\u00e9 \u2014 commence maintenant.\n  2. Bloc deep work 3h minimum \u2014 ferme les notifs, pas de r\u00e9seaux avant 18h.\n  3. Delivery Didier \u2014 avance sur la vid\u00e9o pre-call ou les stories cette semaine.\n\n\ud83d\udcde RELANCES AUJOURD'HUI\n  \u2192 Dayyan (non_qualifie_referral) \u2014 DM Wally Invest (@wallinvest?) \u2014 r\u00e9f\u00e9ral de Dayyan, potentiel SaaS CloseGuard\n  \u2192 L\u00e9ni Constantin (interested_follow_up) \u2014 Relance dans 2-3 semaines \u2014 attendre qu'il ait plus de clients avec son infopreneur\n\n\u26a1 Streak No PMO : 0 \u2014 aujourd'hui \u00e7a recommence.\n\n\ud83d\udccb T\u00c2CHES \u2014 \u00c9CH\u00c9ANCES PROCHES\n  \u2192 Faire la demande pour r\u00e9cup\u00e9rer le permis de conduire \u2014 \u26a0 En retard de 50 jour(s) !\n  \u2192 Refaire un nouveau passeport \u2014 \u26a0 En retard de 24 jour(s) !\n  \u2192 Acheter un tr\u00e9pied pour Fares avant de quitter KL \u2014 \u26a0 En retard de 20 jour(s) !\n  \u2192 Tourner la vid\u00e9o de prospection (Airbnb, vue Petronas, le soir) \u2014 \u26a0 En retard de 21 jour(s) !\n\n\n\ud83d\ude34 Question sommeil : \u00c0 quelle heure t'es couch\u00e9 hier soir ?\n(R\u00e9ponds directement ici, ex: \"2h30\")\n\n\u2014 JARVIS","entities":[{"offset":2,"length":40,"type":"bold"},{"offset":76,"length":21,"type":"bold"},{"offset":315,"length":20,"type":"bold"},{"offset":390,"length":11,"type":"mention"},{"offset":634,"length":26,"type":"bold"},{"offset":999,"length":18,"type":"bold"}]}}
⚡ <b>JARVIS MORNING BRIEF — Dimanche 26 juillet</b>

⚪ Pas de données pour hier.

🎯 <b>PRIORITÉS AUJOURD'HUI</b>
  1. 2 DMs outreach de qualité — commence maintenant.
  2. Bloc deep work 3h minimum — ferme les notifs, pas de réseaux avant 18h.
  3. Delivery Didier — avance sur la vidéo pre-call ou les stories cette semaine.

📞 <b>RELANCES AUJOURD'HUI</b>
  → Dayyan (non_qualifie_referral) — DM Wally Invest (@wallinvest?) — référal de Dayyan, potentiel SaaS CloseGuard
  → Léni Constantin (interested_follow_up) — Relance dans 2-3 semaines — attendre qu'il ait plus de clients avec son infopreneur

⚡ Streak No PMO : 0 — aujourd'hui ça recommence.

📋 <b>TÂCHES — ÉCHÉANCES PROCHES</b>
  → Faire la demande pour récupérer le permis de conduire — ⚠ En retard de 51 jour(s) !
  → Refaire un nouveau passeport — ⚠ En retard de 25 jour(s) !
  → Acheter un trépied pour Fares avant de quitter KL — ⚠ En retard de 21 jour(s) !
  → Tourner la vidéo de prospection (Airbnb, vue Petronas, le soir) — ⚠ En retard de 22 jour(s) !


😴 <b>Question sommeil :</b> À quelle heure t'es couché hier soir ?
(Réponds directement ici, ex: "2h30")

— JARVIS

--- Sending to Telegram ---
{"ok":true,"result":{"message_id":2711,"from":{"id":8997450587,"is_bot":true,"first_name":"Jarvis","username":"shayan_claude_bot"},"chat":{"id":5351269136,"first_name":"Drkflow","username":"drkfloww","type":"private"},"date":1785047406,"text":"\u26a1 JARVIS MORNING BRIEF \u2014 Dimanche 26 juillet\n\n\u26aa Pas de donn\u00e9es pour hier.\n\n\ud83c\udfaf PRIORIT\u00c9S AUJOURD'HUI\n  1. 2 DMs outreach de qualit\u00e9 \u2014 commence maintenant.\n  2. Bloc deep work 3h minimum \u2014 ferme les notifs, pas de r\u00e9seaux avant 18h.\n  3. Delivery Didier \u2014 avance sur la vid\u00e9o pre-call ou les stories cette semaine.\n\n\ud83d\udcde RELANCES AUJOURD'HUI\n  \u2192 Dayyan (non_qualifie_referral) \u2014 DM Wally Invest (@wallinvest?) \u2014 r\u00e9f\u00e9ral de Dayyan, potentiel SaaS CloseGuard\n  \u2192 L\u00e9ni Constantin (interested_follow_up) \u2014 Relance dans 2-3 semaines \u2014 attendre qu'il ait plus de clients avec son infopreneur\n\n\u26a1 Streak No PMO : 0 \u2014 aujourd'hui \u00e7a recommence.\n\n\ud83d\udccb T\u00c2CHES \u2014 \u00c9CH\u00c9ANCES PROCHES\n  \u2192 Faire la demande pour r\u00e9cup\u00e9rer le permis de conduire \u2014 \u26a0 En retard de 51 jour(s) !\n  \u2192 Refaire un nouveau passeport \u2014 \u26a0 En retard de 25 jour(s) !\n  \u2192 Acheter un tr\u00e9pied pour Fares avant de quitter KL \u2014 \u26a0 En retard de 21 jour(s) !\n  \u2192 Tourner la vid\u00e9o de prospection (Airbnb, vue Petronas, le soir) \u2014 \u26a0 En retard de 22 jour(s) !\n\n\n\ud83d\ude34 Question sommeil : \u00c0 quelle heure t'es couch\u00e9 hier soir ?\n(R\u00e9ponds directement ici, ex: \"2h30\")\n\n\u2014 JARVIS","entities":[{"offset":2,"length":42,"type":"bold"},{"offset":78,"length":21,"type":"bold"},{"offset":317,"length":20,"type":"bold"},{"offset":392,"length":11,"type":"mention"},{"offset":636,"length":26,"type":"bold"},{"offset":1001,"length":18,"type":"bold"}]}}
⚡ <b>JARVIS MORNING BRIEF — Lundi 27 juillet</b>

⚪ Pas de données pour hier.

🎯 <b>PRIORITÉS AUJOURD'HUI</b>
  1. 2 DMs outreach de qualité — commence maintenant.
  2. Bloc deep work 3h minimum — ferme les notifs, pas de réseaux avant 18h.
  3. Delivery Didier — avance sur la vidéo pre-call ou les stories cette semaine.

📞 <b>RELANCES AUJOURD'HUI</b>
  → Dayyan (non_qualifie_referral) — DM Wally Invest (@wallinvest?) — référal de Dayyan, potentiel SaaS CloseGuard
  → Léni Constantin (interested_follow_up) — Relance dans 2-3 semaines — attendre qu'il ait plus de clients avec son infopreneur

⚡ Streak No PMO : 0 — aujourd'hui ça recommence.

📋 <b>TÂCHES — ÉCHÉANCES PROCHES</b>
  → Faire la demande pour récupérer le permis de conduire — ⚠ En retard de 52 jour(s) !
  → Refaire un nouveau passeport — ⚠ En retard de 26 jour(s) !
  → Acheter un trépied pour Fares avant de quitter KL — ⚠ En retard de 22 jour(s) !
  → Tourner la vidéo de prospection (Airbnb, vue Petronas, le soir) — ⚠ En retard de 23 jour(s) !


😴 <b>Question sommeil :</b> À quelle heure t'es couché hier soir ?
(Réponds directement ici, ex: "2h30")

— JARVIS

--- Sending to Telegram ---
{"ok":true,"result":{"message_id":2726,"from":{"id":8997450587,"is_bot":true,"first_name":"Jarvis","username":"shayan_claude_bot"},"chat":{"id":5351269136,"first_name":"Drkflow","username":"drkfloww","type":"private"},"date":1785133803,"text":"\u26a1 JARVIS MORNING BRIEF \u2014 Lundi 27 juillet\n\n\u26aa Pas de donn\u00e9es pour hier.\n\n\ud83c\udfaf PRIORIT\u00c9S AUJOURD'HUI\n  1. 2 DMs outreach de qualit\u00e9 \u2014 commence maintenant.\n  2. Bloc deep work 3h minimum \u2014 ferme les notifs, pas de r\u00e9seaux avant 18h.\n  3. Delivery Didier \u2014 avance sur la vid\u00e9o pre-call ou les stories cette semaine.\n\n\ud83d\udcde RELANCES AUJOURD'HUI\n  \u2192 Dayyan (non_qualifie_referral) \u2014 DM Wally Invest (@wallinvest?) \u2014 r\u00e9f\u00e9ral de Dayyan, potentiel SaaS CloseGuard\n  \u2192 L\u00e9ni Constantin (interested_follow_up) \u2014 Relance dans 2-3 semaines \u2014 attendre qu'il ait plus de clients avec son infopreneur\n\n\u26a1 Streak No PMO : 0 \u2014 aujourd'hui \u00e7a recommence.\n\n\ud83d\udccb T\u00c2CHES \u2014 \u00c9CH\u00c9ANCES PROCHES\n  \u2192 Faire la demande pour r\u00e9cup\u00e9rer le permis de conduire \u2014 \u26a0 En retard de 52 jour(s) !\n  \u2192 Refaire un nouveau passeport \u2014 \u26a0 En retard de 26 jour(s) !\n  \u2192 Acheter un tr\u00e9pied pour Fares avant de quitter KL \u2014 \u26a0 En retard de 22 jour(s) !\n  \u2192 Tourner la vid\u00e9o de prospection (Airbnb, vue Petronas, le soir) \u2014 \u26a0 En retard de 23 jour(s) !\n\n\n\ud83d\ude34 Question sommeil : \u00c0 quelle heure t'es couch\u00e9 hier soir ?\n(R\u00e9ponds directement ici, ex: \"2h30\")\n\n\u2014 JARVIS","entities":[{"offset":2,"length":39,"type":"bold"},{"offset":75,"length":21,"type":"bold"},{"offset":314,"length":20,"type":"bold"},{"offset":389,"length":11,"type":"mention"},{"offset":633,"length":26,"type":"bold"},{"offset":998,"length":18,"type":"bold"}]}}
⚡ <b>JARVIS MORNING BRIEF — Mardi 28 juillet</b>

⚪ Pas de données pour hier.

🎯 <b>PRIORITÉS AUJOURD'HUI</b>
  1. 2 DMs outreach de qualité — commence maintenant.
  2. Bloc deep work 3h minimum — ferme les notifs, pas de réseaux avant 18h.
  3. Delivery Didier — avance sur la vidéo pre-call ou les stories cette semaine.

📞 <b>RELANCES AUJOURD'HUI</b>
  → Dayyan (non_qualifie_referral) — DM Wally Invest (@wallinvest?) — référal de Dayyan, potentiel SaaS CloseGuard
  → Léni Constantin (interested_follow_up) — Relance dans 2-3 semaines — attendre qu'il ait plus de clients avec son infopreneur

⚡ Streak No PMO : 0 — aujourd'hui ça recommence.

📋 <b>TÂCHES — ÉCHÉANCES PROCHES</b>
  → Faire la demande pour récupérer le permis de conduire — ⚠ En retard de 53 jour(s) !
  → Refaire un nouveau passeport — ⚠ En retard de 27 jour(s) !
  → Acheter un trépied pour Fares avant de quitter KL — ⚠ En retard de 23 jour(s) !
  → Tourner la vidéo de prospection (Airbnb, vue Petronas, le soir) — ⚠ En retard de 24 jour(s) !


😴 <b>Question sommeil :</b> À quelle heure t'es couché hier soir ?
(Réponds directement ici, ex: "2h30")

— JARVIS

--- Sending to Telegram ---

⚡ <b>JARVIS MORNING BRIEF — Mercredi 29 juillet</b>

⚪ <b>Hier : 0/100 — NON RENSEIGNÉ</b>
  DMs 0/2 | Gym ✗ | Fajr ✗ | Deep work 0h | No PMO ?

🚨 <b>POINTS CRITIQUES</b>
  💬 0 DMs hier — l'outreach n'a pas été fait. C'est la priorité #1 ce matin.

🎯 <b>PRIORITÉS AUJOURD'HUI</b>
  1. 2 DMs outreach de qualité — ciblés, personnalisés, à fort levier.
  2. Bloc deep work 3h minimum — ferme les notifs, pas de réseaux avant 18h.
  3. Delivery Didier — avance sur la vidéo pre-call ou les stories cette semaine.

📞 <b>RELANCES AUJOURD'HUI</b>
  → Dayyan (non_qualifie_referral) — DM Wally Invest (@wallinvest?) — référal de Dayyan, potentiel SaaS CloseGuard
  → Léni Constantin (interested_follow_up) — Relance dans 2-3 semaines — attendre qu'il ait plus de clients avec son infopreneur

⚡ Streak No PMO : 0 — aujourd'hui ça recommence.

📋 <b>TÂCHES — ÉCHÉANCES PROCHES</b>
  → Faire la demande pour récupérer le permis de conduire — ⚠ En retard de 54 jour(s) !
  → Refaire un nouveau passeport — ⚠ En retard de 28 jour(s) !
  → Acheter un trépied pour Fares avant de quitter KL — ⚠ En retard de 24 jour(s) !
  → Tourner la vidéo de prospection (Airbnb, vue Petronas, le soir) — ⚠ En retard de 25 jour(s) !


😴 <b>Question sommeil :</b> À quelle heure t'es couché hier soir ?
(Réponds directement ici, ex: "2h30")

— JARVIS

--- Sending to Telegram ---

⚡ <b>JARVIS MORNING BRIEF — Jeudi 30 juillet</b>

⚪ Pas de données pour hier.

🎯 <b>PRIORITÉS AUJOURD'HUI</b>
  1. 2 DMs outreach de qualité — commence maintenant.
  2. Bloc deep work 3h minimum — ferme les notifs, pas de réseaux avant 18h.
  3. Delivery Didier — avance sur la vidéo pre-call ou les stories cette semaine.

📞 <b>RELANCES AUJOURD'HUI</b>
  → Dayyan (non_qualifie_referral) — DM Wally Invest (@wallinvest?) — référal de Dayyan, potentiel SaaS CloseGuard
  → Léni Constantin (interested_follow_up) — Relance dans 2-3 semaines — attendre qu'il ait plus de clients avec son infopreneur

⚡ Streak No PMO : 0 — aujourd'hui ça recommence.

📋 <b>TÂCHES — ÉCHÉANCES PROCHES</b>
  → Faire la demande pour récupérer le permis de conduire — ⚠ En retard de 55 jour(s) !
  → Refaire un nouveau passeport — ⚠ En retard de 29 jour(s) !
  → Acheter un trépied pour Fares avant de quitter KL — ⚠ En retard de 25 jour(s) !
  → Tourner la vidéo de prospection (Airbnb, vue Petronas, le soir) — ⚠ En retard de 26 jour(s) !


😴 <b>Question sommeil :</b> À quelle heure t'es couché hier soir ?
(Réponds directement ici, ex: "2h30")

— JARVIS

--- Sending to Telegram ---

⚡ <b>JARVIS MORNING BRIEF — Vendredi 31 juillet</b>

⚪ Pas de données pour hier.

🎯 <b>PRIORITÉS AUJOURD'HUI</b>
  1. 2 DMs outreach de qualité — commence maintenant.
  2. Bloc deep work 3h minimum — ferme les notifs, pas de réseaux avant 18h.
  3. Delivery Didier — avance sur la vidéo pre-call ou les stories cette semaine.

📞 <b>RELANCES AUJOURD'HUI</b>
  → Dayyan (non_qualifie_referral) — DM Wally Invest (@wallinvest?) — référal de Dayyan, potentiel SaaS CloseGuard
  → Léni Constantin (interested_follow_up) — Relance dans 2-3 semaines — attendre qu'il ait plus de clients avec son infopreneur

⚡ Streak No PMO : 0 — aujourd'hui ça recommence.

📋 <b>TÂCHES — ÉCHÉANCES PROCHES</b>
  → Faire la demande pour récupérer le permis de conduire — ⚠ En retard de 56 jour(s) !
  → Refaire un nouveau passeport — ⚠ En retard de 30 jour(s) !
  → Acheter un trépied pour Fares avant de quitter KL — ⚠ En retard de 26 jour(s) !
  → Tourner la vidéo de prospection (Airbnb, vue Petronas, le soir) — ⚠ En retard de 27 jour(s) !


😴 <b>Question sommeil :</b> À quelle heure t'es couché hier soir ?
(Réponds directement ici, ex: "2h30")

— JARVIS

--- Sending to Telegram ---

⚡ <b>JARVIS MORNING BRIEF — Samedi 01 août</b>

⚪ Pas de données pour hier.

🎯 <b>PRIORITÉS AUJOURD'HUI</b>
  1. 2 DMs outreach de qualité — commence maintenant.
  2. Bloc deep work 3h minimum — ferme les notifs, pas de réseaux avant 18h.
  3. Delivery Didier — avance sur la vidéo pre-call ou les stories cette semaine.

📞 <b>RELANCES AUJOURD'HUI</b>
  → Dayyan (non_qualifie_referral) — DM Wally Invest (@wallinvest?) — référal de Dayyan, potentiel SaaS CloseGuard
  → Léni Constantin (interested_follow_up) — Relance dans 2-3 semaines — attendre qu'il ait plus de clients avec son infopreneur

⚡ Streak No PMO : 0 — aujourd'hui ça recommence.

📋 <b>TÂCHES — ÉCHÉANCES PROCHES</b>
  → Faire la demande pour récupérer le permis de conduire — ⚠ En retard de 57 jour(s) !
  → Refaire un nouveau passeport — ⚠ En retard de 31 jour(s) !
  → Acheter un trépied pour Fares avant de quitter KL — ⚠ En retard de 27 jour(s) !
  → Tourner la vidéo de prospection (Airbnb, vue Petronas, le soir) — ⚠ En retard de 28 jour(s) !


😴 <b>Question sommeil :</b> À quelle heure t'es couché hier soir ?
(Réponds directement ici, ex: "2h30")

— JARVIS

--- Sending to Telegram ---
{"ok":true,"result":{"message_id":2732,"from":{"id":8997450587,"is_bot":true,"first_name":"Jarvis","username":"shayan_claude_bot"},"chat":{"id":5351269136,"first_name":"Drkflow","username":"drkfloww","type":"private"},"date":1785565806,"text":"\u26a1 JARVIS MORNING BRIEF \u2014 Samedi 01 ao\u00fbt\n\n\u26aa Pas de donn\u00e9es pour hier.\n\n\ud83c\udfaf PRIORIT\u00c9S AUJOURD'HUI\n  1. 2 DMs outreach de qualit\u00e9 \u2014 commence maintenant.\n  2. Bloc deep work 3h minimum \u2014 ferme les notifs, pas de r\u00e9seaux avant 18h.\n  3. Delivery Didier \u2014 avance sur la vid\u00e9o pre-call ou les stories cette semaine.\n\n\ud83d\udcde RELANCES AUJOURD'HUI\n  \u2192 Dayyan (non_qualifie_referral) \u2014 DM Wally Invest (@wallinvest?) \u2014 r\u00e9f\u00e9ral de Dayyan, potentiel SaaS CloseGuard\n  \u2192 L\u00e9ni Constantin (interested_follow_up) \u2014 Relance dans 2-3 semaines \u2014 attendre qu'il ait plus de clients avec son infopreneur\n\n\u26a1 Streak No PMO : 0 \u2014 aujourd'hui \u00e7a recommence.\n\n\ud83d\udccb T\u00c2CHES \u2014 \u00c9CH\u00c9ANCES PROCHES\n  \u2192 Faire la demande pour r\u00e9cup\u00e9rer le permis de conduire \u2014 \u26a0 En retard de 57 jour(s) !\n  \u2192 Refaire un nouveau passeport \u2014 \u26a0 En retard de 31 jour(s) !\n  \u2192 Acheter un tr\u00e9pied pour Fares avant de quitter KL \u2014 \u26a0 En retard de 27 jour(s) !\n  \u2192 Tourner la vid\u00e9o de prospection (Airbnb, vue Petronas, le soir) \u2014 \u26a0 En retard de 28 jour(s) !\n\n\n\ud83d\ude34 Question sommeil : \u00c0 quelle heure t'es couch\u00e9 hier soir ?\n(R\u00e9ponds directement ici, ex: \"2h30\")\n\n\u2014 JARVIS","entities":[{"offset":2,"length":37,"type":"bold"},{"offset":73,"length":21,"type":"bold"},{"offset":312,"length":20,"type":"bold"},{"offset":387,"length":11,"type":"mention"},{"offset":631,"length":26,"type":"bold"},{"offset":996,"length":18,"type":"bold"}]}}
⚡ <b>JARVIS MORNING BRIEF — Dimanche 02 août</b>

⚪ Pas de données pour hier.

🎯 <b>PRIORITÉS AUJOURD'HUI</b>
  1. 2 DMs outreach de qualité — commence maintenant.
  2. Bloc deep work 3h minimum — ferme les notifs, pas de réseaux avant 18h.
  3. Delivery Didier — avance sur la vidéo pre-call ou les stories cette semaine.

📞 <b>RELANCES AUJOURD'HUI</b>
  → Dayyan (non_qualifie_referral) — DM Wally Invest (@wallinvest?) — référal de Dayyan, potentiel SaaS CloseGuard
  → Léni Constantin (interested_follow_up) — Relance dans 2-3 semaines — attendre qu'il ait plus de clients avec son infopreneur

⚡ Streak No PMO : 0 — aujourd'hui ça recommence.

📋 <b>TÂCHES — ÉCHÉANCES PROCHES</b>
  → Faire la demande pour récupérer le permis de conduire — ⚠ En retard de 58 jour(s) !
  → Refaire un nouveau passeport — ⚠ En retard de 32 jour(s) !
  → Acheter un trépied pour Fares avant de quitter KL — ⚠ En retard de 28 jour(s) !
  → Tourner la vidéo de prospection (Airbnb, vue Petronas, le soir) — ⚠ En retard de 29 jour(s) !


😴 <b>Question sommeil :</b> À quelle heure t'es couché hier soir ?
(Réponds directement ici, ex: "2h30")

— JARVIS

--- Sending to Telegram ---
{"ok":true,"result":{"message_id":2733,"from":{"id":8997450587,"is_bot":true,"first_name":"Jarvis","username":"shayan_claude_bot"},"chat":{"id":5351269136,"first_name":"Drkflow","username":"drkfloww","type":"private"},"date":1785652209,"text":"\u26a1 JARVIS MORNING BRIEF \u2014 Dimanche 02 ao\u00fbt\n\n\u26aa Pas de donn\u00e9es pour hier.\n\n\ud83c\udfaf PRIORIT\u00c9S AUJOURD'HUI\n  1. 2 DMs outreach de qualit\u00e9 \u2014 commence maintenant.\n  2. Bloc deep work 3h minimum \u2014 ferme les notifs, pas de r\u00e9seaux avant 18h.\n  3. Delivery Didier \u2014 avance sur la vid\u00e9o pre-call ou les stories cette semaine.\n\n\ud83d\udcde RELANCES AUJOURD'HUI\n  \u2192 Dayyan (non_qualifie_referral) \u2014 DM Wally Invest (@wallinvest?) \u2014 r\u00e9f\u00e9ral de Dayyan, potentiel SaaS CloseGuard\n  \u2192 L\u00e9ni Constantin (interested_follow_up) \u2014 Relance dans 2-3 semaines \u2014 attendre qu'il ait plus de clients avec son infopreneur\n\n\u26a1 Streak No PMO : 0 \u2014 aujourd'hui \u00e7a recommence.\n\n\ud83d\udccb T\u00c2CHES \u2014 \u00c9CH\u00c9ANCES PROCHES\n  \u2192 Faire la demande pour r\u00e9cup\u00e9rer le permis de conduire \u2014 \u26a0 En retard de 58 jour(s) !\n  \u2192 Refaire un nouveau passeport \u2014 \u26a0 En retard de 32 jour(s) !\n  \u2192 Acheter un tr\u00e9pied pour Fares avant de quitter KL \u2014 \u26a0 En retard de 28 jour(s) !\n  \u2192 Tourner la vid\u00e9o de prospection (Airbnb, vue Petronas, le soir) \u2014 \u26a0 En retard de 29 jour(s) !\n\n\n\ud83d\ude34 Question sommeil : \u00c0 quelle heure t'es couch\u00e9 hier soir ?\n(R\u00e9ponds directement ici, ex: \"2h30\")\n\n\u2014 JARVIS","entities":[{"offset":2,"length":39,"type":"bold"},{"offset":75,"length":21,"type":"bold"},{"offset":314,"length":20,"type":"bold"},{"offset":389,"length":11,"type":"mention"},{"offset":633,"length":26,"type":"bold"},{"offset":998,"length":18,"type":"bold"}]}}
⚡ <b>JARVIS MORNING BRIEF — Lundi 03 août</b>

⚪ Pas de données pour hier.

🎯 <b>PRIORITÉS AUJOURD'HUI</b>
  1. 2 DMs outreach de qualité — commence maintenant.
  2. Bloc deep work 3h minimum — ferme les notifs, pas de réseaux avant 18h.
  3. Delivery Didier — avance sur la vidéo pre-call ou les stories cette semaine.

📞 <b>RELANCES AUJOURD'HUI</b>
  → Dayyan (non_qualifie_referral) — DM Wally Invest (@wallinvest?) — référal de Dayyan, potentiel SaaS CloseGuard
  → Léni Constantin (interested_follow_up) — Relance dans 2-3 semaines — attendre qu'il ait plus de clients avec son infopreneur

⚡ Streak No PMO : 0 — aujourd'hui ça recommence.

📋 <b>TÂCHES — ÉCHÉANCES PROCHES</b>
  → Faire la demande pour récupérer le permis de conduire — ⚠ En retard de 59 jour(s) !
  → Refaire un nouveau passeport — ⚠ En retard de 33 jour(s) !
  → Acheter un trépied pour Fares avant de quitter KL — ⚠ En retard de 29 jour(s) !
  → Tourner la vidéo de prospection (Airbnb, vue Petronas, le soir) — ⚠ En retard de 30 jour(s) !


😴 <b>Question sommeil :</b> À quelle heure t'es couché hier soir ?
(Réponds directement ici, ex: "2h30")

— JARVIS

--- Sending to Telegram ---

⚡ <b>JARVIS MORNING BRIEF — Mardi 04 août</b>

⚪ Pas de données pour hier.

🎯 <b>PRIORITÉS AUJOURD'HUI</b>
  1. 2 DMs outreach de qualité — commence maintenant.
  2. Bloc deep work 3h minimum — ferme les notifs, pas de réseaux avant 18h.
  3. Delivery Didier — avance sur la vidéo pre-call ou les stories cette semaine.

📞 <b>RELANCES AUJOURD'HUI</b>
  → Dayyan (non_qualifie_referral) — DM Wally Invest (@wallinvest?) — référal de Dayyan, potentiel SaaS CloseGuard
  → Léni Constantin (interested_follow_up) — Relance dans 2-3 semaines — attendre qu'il ait plus de clients avec son infopreneur

⚡ Streak No PMO : 0 — aujourd'hui ça recommence.

📋 <b>TÂCHES — ÉCHÉANCES PROCHES</b>
  → Faire la demande pour récupérer le permis de conduire — ⚠ En retard de 60 jour(s) !
  → Refaire un nouveau passeport — ⚠ En retard de 34 jour(s) !
  → Acheter un trépied pour Fares avant de quitter KL — ⚠ En retard de 30 jour(s) !
  → Tourner la vidéo de prospection (Airbnb, vue Petronas, le soir) — ⚠ En retard de 31 jour(s) !


😴 <b>Question sommeil :</b> À quelle heure t'es couché hier soir ?
(Réponds directement ici, ex: "2h30")

— JARVIS

--- Sending to Telegram ---
{"ok":true,"result":{"message_id":2740,"from":{"id":8997450587,"is_bot":true,"first_name":"Jarvis","username":"shayan_claude_bot"},"chat":{"id":5351269136,"first_name":"Drkflow","username":"drkfloww","type":"private"},"date":1785825005,"text":"\u26a1 JARVIS MORNING BRIEF \u2014 Mardi 04 ao\u00fbt\n\n\u26aa Pas de donn\u00e9es pour hier.\n\n\ud83c\udfaf PRIORIT\u00c9S AUJOURD'HUI\n  1. 2 DMs outreach de qualit\u00e9 \u2014 commence maintenant.\n  2. Bloc deep work 3h minimum \u2014 ferme les notifs, pas de r\u00e9seaux avant 18h.\n  3. Delivery Didier \u2014 avance sur la vid\u00e9o pre-call ou les stories cette semaine.\n\n\ud83d\udcde RELANCES AUJOURD'HUI\n  \u2192 Dayyan (non_qualifie_referral) \u2014 DM Wally Invest (@wallinvest?) \u2014 r\u00e9f\u00e9ral de Dayyan, potentiel SaaS CloseGuard\n  \u2192 L\u00e9ni Constantin (interested_follow_up) \u2014 Relance dans 2-3 semaines \u2014 attendre qu'il ait plus de clients avec son infopreneur\n\n\u26a1 Streak No PMO : 0 \u2014 aujourd'hui \u00e7a recommence.\n\n\ud83d\udccb T\u00c2CHES \u2014 \u00c9CH\u00c9ANCES PROCHES\n  \u2192 Faire la demande pour r\u00e9cup\u00e9rer le permis de conduire \u2014 \u26a0 En retard de 60 jour(s) !\n  \u2192 Refaire un nouveau passeport \u2014 \u26a0 En retard de 34 jour(s) !\n  \u2192 Acheter un tr\u00e9pied pour Fares avant de quitter KL \u2014 \u26a0 En retard de 30 jour(s) !\n  \u2192 Tourner la vid\u00e9o de prospection (Airbnb, vue Petronas, le soir) \u2014 \u26a0 En retard de 31 jour(s) !\n\n\n\ud83d\ude34 Question sommeil : \u00c0 quelle heure t'es couch\u00e9 hier soir ?\n(R\u00e9ponds directement ici, ex: \"2h30\")\n\n\u2014 JARVIS","entities":[{"offset":2,"length":36,"type":"bold"},{"offset":72,"length":21,"type":"bold"},{"offset":311,"length":20,"type":"bold"},{"offset":386,"length":11,"type":"mention"},{"offset":630,"length":26,"type":"bold"},{"offset":995,"length":18,"type":"bold"}]}}
⚡ <b>JARVIS MORNING BRIEF — Mercredi 05 août</b>

⚪ Pas de données pour hier.

🎯 <b>PRIORITÉS AUJOURD'HUI</b>
  1. 2 DMs outreach de qualité — commence maintenant.
  2. Bloc deep work 3h minimum — ferme les notifs, pas de réseaux avant 18h.
  3. Delivery Didier — avance sur la vidéo pre-call ou les stories cette semaine.

📞 <b>RELANCES AUJOURD'HUI</b>
  → Dayyan (non_qualifie_referral) — DM Wally Invest (@wallinvest?) — référal de Dayyan, potentiel SaaS CloseGuard
  → Léni Constantin (interested_follow_up) — Relance dans 2-3 semaines — attendre qu'il ait plus de clients avec son infopreneur

⚡ Streak No PMO : 0 — aujourd'hui ça recommence.

📋 <b>TÂCHES — ÉCHÉANCES PROCHES</b>
  → Faire la demande pour récupérer le permis de conduire — ⚠ En retard de 61 jour(s) !
  → Refaire un nouveau passeport — ⚠ En retard de 35 jour(s) !
  → Acheter un trépied pour Fares avant de quitter KL — ⚠ En retard de 31 jour(s) !
  → Tourner la vidéo de prospection (Airbnb, vue Petronas, le soir) — ⚠ En retard de 32 jour(s) !


😴 <b>Question sommeil :</b> À quelle heure t'es couché hier soir ?
(Réponds directement ici, ex: "2h30")

— JARVIS

--- Sending to Telegram ---
{"ok":true,"result":{"message_id":2744,"from":{"id":8997450587,"is_bot":true,"first_name":"Jarvis","username":"shayan_claude_bot"},"chat":{"id":5351269136,"first_name":"Drkflow","username":"drkfloww","type":"private"},"date":1785911404,"text":"\u26a1 JARVIS MORNING BRIEF \u2014 Mercredi 05 ao\u00fbt\n\n\u26aa Pas de donn\u00e9es pour hier.\n\n\ud83c\udfaf PRIORIT\u00c9S AUJOURD'HUI\n  1. 2 DMs outreach de qualit\u00e9 \u2014 commence maintenant.\n  2. Bloc deep work 3h minimum \u2014 ferme les notifs, pas de r\u00e9seaux avant 18h.\n  3. Delivery Didier \u2014 avance sur la vid\u00e9o pre-call ou les stories cette semaine.\n\n\ud83d\udcde RELANCES AUJOURD'HUI\n  \u2192 Dayyan (non_qualifie_referral) \u2014 DM Wally Invest (@wallinvest?) \u2014 r\u00e9f\u00e9ral de Dayyan, potentiel SaaS CloseGuard\n  \u2192 L\u00e9ni Constantin (interested_follow_up) \u2014 Relance dans 2-3 semaines \u2014 attendre qu'il ait plus de clients avec son infopreneur\n\n\u26a1 Streak No PMO : 0 \u2014 aujourd'hui \u00e7a recommence.\n\n\ud83d\udccb T\u00c2CHES \u2014 \u00c9CH\u00c9ANCES PROCHES\n  \u2192 Faire la demande pour r\u00e9cup\u00e9rer le permis de conduire \u2014 \u26a0 En retard de 61 jour(s) !\n  \u2192 Refaire un nouveau passeport \u2014 \u26a0 En retard de 35 jour(s) !\n  \u2192 Acheter un tr\u00e9pied pour Fares avant de quitter KL \u2014 \u26a0 En retard de 31 jour(s) !\n  \u2192 Tourner la vid\u00e9o de prospection (Airbnb, vue Petronas, le soir) \u2014 \u26a0 En retard de 32 jour(s) !\n\n\n\ud83d\ude34 Question sommeil : \u00c0 quelle heure t'es couch\u00e9 hier soir ?\n(R\u00e9ponds directement ici, ex: \"2h30\")\n\n\u2014 JARVIS","entities":[{"offset":2,"length":39,"type":"bold"},{"offset":75,"length":21,"type":"bold"},{"offset":314,"length":20,"type":"bold"},{"offset":389,"length":11,"type":"mention"},{"offset":633,"length":26,"type":"bold"},{"offset":998,"length":18,"type":"bold"}]}}
⚡ <b>JARVIS MORNING BRIEF — Jeudi 06 août</b>

⚪ Pas de données pour hier.

🎯 <b>PRIORITÉS AUJOURD'HUI</b>
  1. 2 DMs outreach de qualité — commence maintenant.
  2. Bloc deep work 3h minimum — ferme les notifs, pas de réseaux avant 18h.
  3. Delivery Didier — avance sur la vidéo pre-call ou les stories cette semaine.

📞 <b>RELANCES AUJOURD'HUI</b>
  → Dayyan (non_qualifie_referral) — DM Wally Invest (@wallinvest?) — référal de Dayyan, potentiel SaaS CloseGuard
  → Léni Constantin (interested_follow_up) — Relance dans 2-3 semaines — attendre qu'il ait plus de clients avec son infopreneur

⚡ Streak No PMO : 0 — aujourd'hui ça recommence.

📋 <b>TÂCHES — ÉCHÉANCES PROCHES</b>
  → Faire la demande pour récupérer le permis de conduire — ⚠ En retard de 62 jour(s) !
  → Refaire un nouveau passeport — ⚠ En retard de 36 jour(s) !
  → Acheter un trépied pour Fares avant de quitter KL — ⚠ En retard de 32 jour(s) !
  → Tourner la vidéo de prospection (Airbnb, vue Petronas, le soir) — ⚠ En retard de 33 jour(s) !


😴 <b>Question sommeil :</b> À quelle heure t'es couché hier soir ?
(Réponds directement ici, ex: "2h30")

— JARVIS

--- Sending to Telegram ---
{"ok":true,"result":{"message_id":2748,"from":{"id":8997450587,"is_bot":true,"first_name":"Jarvis","username":"shayan_claude_bot"},"chat":{"id":5351269136,"first_name":"Drkflow","username":"drkfloww","type":"private"},"date":1785997806,"text":"\u26a1 JARVIS MORNING BRIEF \u2014 Jeudi 06 ao\u00fbt\n\n\u26aa Pas de donn\u00e9es pour hier.\n\n\ud83c\udfaf PRIORIT\u00c9S AUJOURD'HUI\n  1. 2 DMs outreach de qualit\u00e9 \u2014 commence maintenant.\n  2. Bloc deep work 3h minimum \u2014 ferme les notifs, pas de r\u00e9seaux avant 18h.\n  3. Delivery Didier \u2014 avance sur la vid\u00e9o pre-call ou les stories cette semaine.\n\n\ud83d\udcde RELANCES AUJOURD'HUI\n  \u2192 Dayyan (non_qualifie_referral) \u2014 DM Wally Invest (@wallinvest?) \u2014 r\u00e9f\u00e9ral de Dayyan, potentiel SaaS CloseGuard\n  \u2192 L\u00e9ni Constantin (interested_follow_up) \u2014 Relance dans 2-3 semaines \u2014 attendre qu'il ait plus de clients avec son infopreneur\n\n\u26a1 Streak No PMO : 0 \u2014 aujourd'hui \u00e7a recommence.\n\n\ud83d\udccb T\u00c2CHES \u2014 \u00c9CH\u00c9ANCES PROCHES\n  \u2192 Faire la demande pour r\u00e9cup\u00e9rer le permis de conduire \u2014 \u26a0 En retard de 62 jour(s) !\n  \u2192 Refaire un nouveau passeport \u2014 \u26a0 En retard de 36 jour(s) !\n  \u2192 Acheter un tr\u00e9pied pour Fares avant de quitter KL \u2014 \u26a0 En retard de 32 jour(s) !\n  \u2192 Tourner la vid\u00e9o de prospection (Airbnb, vue Petronas, le soir) \u2014 \u26a0 En retard de 33 jour(s) !\n\n\n\ud83d\ude34 Question sommeil : \u00c0 quelle heure t'es couch\u00e9 hier soir ?\n(R\u00e9ponds directement ici, ex: \"2h30\")\n\n\u2014 JARVIS","entities":[{"offset":2,"length":36,"type":"bold"},{"offset":72,"length":21,"type":"bold"},{"offset":311,"length":20,"type":"bold"},{"offset":386,"length":11,"type":"mention"},{"offset":630,"length":26,"type":"bold"},{"offset":995,"length":18,"type":"bold"}]}}
⚡ <b>JARVIS MORNING BRIEF — Vendredi 07 août</b>

⚪ Pas de données pour hier.

🎯 <b>PRIORITÉS AUJOURD'HUI</b>
  1. 2 DMs outreach de qualité — commence maintenant.
  2. Bloc deep work 3h minimum — ferme les notifs, pas de réseaux avant 18h.
  3. Delivery Didier — avance sur la vidéo pre-call ou les stories cette semaine.

📞 <b>RELANCES AUJOURD'HUI</b>
  → Dayyan (non_qualifie_referral) — DM Wally Invest (@wallinvest?) — référal de Dayyan, potentiel SaaS CloseGuard
  → Léni Constantin (interested_follow_up) — Relance dans 2-3 semaines — attendre qu'il ait plus de clients avec son infopreneur

⚡ Streak No PMO : 0 — aujourd'hui ça recommence.

📋 <b>TÂCHES — ÉCHÉANCES PROCHES</b>
  → Faire la demande pour récupérer le permis de conduire — ⚠ En retard de 63 jour(s) !
  → Refaire un nouveau passeport — ⚠ En retard de 37 jour(s) !
  → Acheter un trépied pour Fares avant de quitter KL — ⚠ En retard de 33 jour(s) !
  → Tourner la vidéo de prospection (Airbnb, vue Petronas, le soir) — ⚠ En retard de 34 jour(s) !


😴 <b>Question sommeil :</b> À quelle heure t'es couché hier soir ?
(Réponds directement ici, ex: "2h30")

— JARVIS

--- Sending to Telegram ---
{"ok":true,"result":{"message_id":2750,"from":{"id":8997450587,"is_bot":true,"first_name":"Jarvis","username":"shayan_claude_bot"},"chat":{"id":5351269136,"first_name":"Drkflow","username":"drkfloww","type":"private"},"date":1786073402,"text":"\u26a1 JARVIS MORNING BRIEF \u2014 Vendredi 07 ao\u00fbt\n\n\u26aa Pas de donn\u00e9es pour hier.\n\n\ud83c\udfaf PRIORIT\u00c9S AUJOURD'HUI\n  1. 2 DMs outreach de qualit\u00e9 \u2014 commence maintenant.\n  2. Bloc deep work 3h minimum \u2014 ferme les notifs, pas de r\u00e9seaux avant 18h.\n  3. Delivery Didier \u2014 avance sur la vid\u00e9o pre-call ou les stories cette semaine.\n\n\ud83d\udcde RELANCES AUJOURD'HUI\n  \u2192 Dayyan (non_qualifie_referral) \u2014 DM Wally Invest (@wallinvest?) \u2014 r\u00e9f\u00e9ral de Dayyan, potentiel SaaS CloseGuard\n  \u2192 L\u00e9ni Constantin (interested_follow_up) \u2014 Relance dans 2-3 semaines \u2014 attendre qu'il ait plus de clients avec son infopreneur\n\n\u26a1 Streak No PMO : 0 \u2014 aujourd'hui \u00e7a recommence.\n\n\ud83d\udccb T\u00c2CHES \u2014 \u00c9CH\u00c9ANCES PROCHES\n  \u2192 Faire la demande pour r\u00e9cup\u00e9rer le permis de conduire \u2014 \u26a0 En retard de 63 jour(s) !\n  \u2192 Refaire un nouveau passeport \u2014 \u26a0 En retard de 37 jour(s) !\n  \u2192 Acheter un tr\u00e9pied pour Fares avant de quitter KL \u2014 \u26a0 En retard de 33 jour(s) !\n  \u2192 Tourner la vid\u00e9o de prospection (Airbnb, vue Petronas, le soir) \u2014 \u26a0 En retard de 34 jour(s) !\n\n\n\ud83d\ude34 Question sommeil : \u00c0 quelle heure t'es couch\u00e9 hier soir ?\n(R\u00e9ponds directement ici, ex: \"2h30\")\n\n\u2014 JARVIS","entities":[{"offset":2,"length":39,"type":"bold"},{"offset":75,"length":21,"type":"bold"},{"offset":314,"length":20,"type":"bold"},{"offset":389,"length":11,"type":"mention"},{"offset":633,"length":26,"type":"bold"},{"offset":998,"length":18,"type":"bold"}]}}
⚡ <b>JARVIS MORNING BRIEF — Samedi 08 août</b>

⚪ Pas de données pour hier.

🎯 <b>PRIORITÉS AUJOURD'HUI</b>
  1. 2 DMs outreach de qualité — commence maintenant.
  2. Bloc deep work 3h minimum — ferme les notifs, pas de réseaux avant 18h.
  3. Delivery Didier — avance sur la vidéo pre-call ou les stories cette semaine.

📞 <b>RELANCES AUJOURD'HUI</b>
  → Dayyan (non_qualifie_referral) — DM Wally Invest (@wallinvest?) — référal de Dayyan, potentiel SaaS CloseGuard
  → Léni Constantin (interested_follow_up) — Relance dans 2-3 semaines — attendre qu'il ait plus de clients avec son infopreneur

⚡ Streak No PMO : 0 — aujourd'hui ça recommence.

📋 <b>TÂCHES — ÉCHÉANCES PROCHES</b>
  → Faire la demande pour récupérer le permis de conduire — ⚠ En retard de 64 jour(s) !
  → Refaire un nouveau passeport — ⚠ En retard de 38 jour(s) !
  → Acheter un trépied pour Fares avant de quitter KL — ⚠ En retard de 34 jour(s) !
  → Tourner la vidéo de prospection (Airbnb, vue Petronas, le soir) — ⚠ En retard de 35 jour(s) !


😴 <b>Question sommeil :</b> À quelle heure t'es couché hier soir ?
(Réponds directement ici, ex: "2h30")

— JARVIS

--- Sending to Telegram ---
{"ok":true,"result":{"message_id":2753,"from":{"id":8997450587,"is_bot":true,"first_name":"Jarvis","username":"shayan_claude_bot"},"chat":{"id":5351269136,"first_name":"Drkflow","username":"drkfloww","type":"private"},"date":1786159806,"text":"\u26a1 JARVIS MORNING BRIEF \u2014 Samedi 08 ao\u00fbt\n\n\u26aa Pas de donn\u00e9es pour hier.\n\n\ud83c\udfaf PRIORIT\u00c9S AUJOURD'HUI\n  1. 2 DMs outreach de qualit\u00e9 \u2014 commence maintenant.\n  2. Bloc deep work 3h minimum \u2014 ferme les notifs, pas de r\u00e9seaux avant 18h.\n  3. Delivery Didier \u2014 avance sur la vid\u00e9o pre-call ou les stories cette semaine.\n\n\ud83d\udcde RELANCES AUJOURD'HUI\n  \u2192 Dayyan (non_qualifie_referral) \u2014 DM Wally Invest (@wallinvest?) \u2014 r\u00e9f\u00e9ral de Dayyan, potentiel SaaS CloseGuard\n  \u2192 L\u00e9ni Constantin (interested_follow_up) \u2014 Relance dans 2-3 semaines \u2014 attendre qu'il ait plus de clients avec son infopreneur\n\n\u26a1 Streak No PMO : 0 \u2014 aujourd'hui \u00e7a recommence.\n\n\ud83d\udccb T\u00c2CHES \u2014 \u00c9CH\u00c9ANCES PROCHES\n  \u2192 Faire la demande pour r\u00e9cup\u00e9rer le permis de conduire \u2014 \u26a0 En retard de 64 jour(s) !\n  \u2192 Refaire un nouveau passeport \u2014 \u26a0 En retard de 38 jour(s) !\n  \u2192 Acheter un tr\u00e9pied pour Fares avant de quitter KL \u2014 \u26a0 En retard de 34 jour(s) !\n  \u2192 Tourner la vid\u00e9o de prospection (Airbnb, vue Petronas, le soir) \u2014 \u26a0 En retard de 35 jour(s) !\n\n\n\ud83d\ude34 Question sommeil : \u00c0 quelle heure t'es couch\u00e9 hier soir ?\n(R\u00e9ponds directement ici, ex: \"2h30\")\n\n\u2014 JARVIS","entities":[{"offset":2,"length":37,"type":"bold"},{"offset":73,"length":21,"type":"bold"},{"offset":312,"length":20,"type":"bold"},{"offset":387,"length":11,"type":"mention"},{"offset":631,"length":26,"type":"bold"},{"offset":996,"length":18,"type":"bold"}]}}
⚡ <b>JARVIS MORNING BRIEF — Dimanche 09 août</b>

⚪ Pas de données pour hier.

🎯 <b>PRIORITÉS AUJOURD'HUI</b>
  1. 2 DMs outreach de qualité — commence maintenant.
  2. Bloc deep work 3h minimum — ferme les notifs, pas de réseaux avant 18h.
  3. Delivery Didier — avance sur la vidéo pre-call ou les stories cette semaine.

📞 <b>RELANCES AUJOURD'HUI</b>
  → Dayyan (non_qualifie_referral) — DM Wally Invest (@wallinvest?) — référal de Dayyan, potentiel SaaS CloseGuard
  → Léni Constantin (interested_follow_up) — Relance dans 2-3 semaines — attendre qu'il ait plus de clients avec son infopreneur

⚡ Streak No PMO : 0 — aujourd'hui ça recommence.

📋 <b>TÂCHES — ÉCHÉANCES PROCHES</b>
  → Faire la demande pour récupérer le permis de conduire — ⚠ En retard de 65 jour(s) !
  → Refaire un nouveau passeport — ⚠ En retard de 39 jour(s) !
  → Acheter un trépied pour Fares avant de quitter KL — ⚠ En retard de 35 jour(s) !
  → Tourner la vidéo de prospection (Airbnb, vue Petronas, le soir) — ⚠ En retard de 36 jour(s) !


😴 <b>Question sommeil :</b> À quelle heure t'es couché hier soir ?
(Réponds directement ici, ex: "2h30")

— JARVIS

--- Sending to Telegram ---
{"ok":true,"result":{"message_id":2756,"from":{"id":8997450587,"is_bot":true,"first_name":"Jarvis","username":"shayan_claude_bot"},"chat":{"id":5351269136,"first_name":"Drkflow","username":"drkfloww","type":"private"},"date":1786246204,"text":"\u26a1 JARVIS MORNING BRIEF \u2014 Dimanche 09 ao\u00fbt\n\n\u26aa Pas de donn\u00e9es pour hier.\n\n\ud83c\udfaf PRIORIT\u00c9S AUJOURD'HUI\n  1. 2 DMs outreach de qualit\u00e9 \u2014 commence maintenant.\n  2. Bloc deep work 3h minimum \u2014 ferme les notifs, pas de r\u00e9seaux avant 18h.\n  3. Delivery Didier \u2014 avance sur la vid\u00e9o pre-call ou les stories cette semaine.\n\n\ud83d\udcde RELANCES AUJOURD'HUI\n  \u2192 Dayyan (non_qualifie_referral) \u2014 DM Wally Invest (@wallinvest?) \u2014 r\u00e9f\u00e9ral de Dayyan, potentiel SaaS CloseGuard\n  \u2192 L\u00e9ni Constantin (interested_follow_up) \u2014 Relance dans 2-3 semaines \u2014 attendre qu'il ait plus de clients avec son infopreneur\n\n\u26a1 Streak No PMO : 0 \u2014 aujourd'hui \u00e7a recommence.\n\n\ud83d\udccb T\u00c2CHES \u2014 \u00c9CH\u00c9ANCES PROCHES\n  \u2192 Faire la demande pour r\u00e9cup\u00e9rer le permis de conduire \u2014 \u26a0 En retard de 65 jour(s) !\n  \u2192 Refaire un nouveau passeport \u2014 \u26a0 En retard de 39 jour(s) !\n  \u2192 Acheter un tr\u00e9pied pour Fares avant de quitter KL \u2014 \u26a0 En retard de 35 jour(s) !\n  \u2192 Tourner la vid\u00e9o de prospection (Airbnb, vue Petronas, le soir) \u2014 \u26a0 En retard de 36 jour(s) !\n\n\n\ud83d\ude34 Question sommeil : \u00c0 quelle heure t'es couch\u00e9 hier soir ?\n(R\u00e9ponds directement ici, ex: \"2h30\")\n\n\u2014 JARVIS","entities":[{"offset":2,"length":39,"type":"bold"},{"offset":75,"length":21,"type":"bold"},{"offset":314,"length":20,"type":"bold"},{"offset":389,"length":11,"type":"mention"},{"offset":633,"length":26,"type":"bold"},{"offset":998,"length":18,"type":"bold"}]}}
⚡ <b>JARVIS MORNING BRIEF — Lundi 10 août</b>

⚪ Pas de données pour hier.

🎯 <b>PRIORITÉS AUJOURD'HUI</b>
  1. 2 DMs outreach de qualité — commence maintenant.
  2. Bloc deep work 3h minimum — ferme les notifs, pas de réseaux avant 18h.
  3. Delivery Didier — avance sur la vidéo pre-call ou les stories cette semaine.

📞 <b>RELANCES AUJOURD'HUI</b>
  → Dayyan (non_qualifie_referral) — DM Wally Invest (@wallinvest?) — référal de Dayyan, potentiel SaaS CloseGuard
  → Léni Constantin (interested_follow_up) — Relance dans 2-3 semaines — attendre qu'il ait plus de clients avec son infopreneur

⚡ Streak No PMO : 0 — aujourd'hui ça recommence.

📋 <b>TÂCHES — ÉCHÉANCES PROCHES</b>
  → Faire la demande pour récupérer le permis de conduire — ⚠ En retard de 66 jour(s) !
  → Refaire un nouveau passeport — ⚠ En retard de 40 jour(s) !
  → Acheter un trépied pour Fares avant de quitter KL — ⚠ En retard de 36 jour(s) !
  → Tourner la vidéo de prospection (Airbnb, vue Petronas, le soir) — ⚠ En retard de 37 jour(s) !


😴 <b>Question sommeil :</b> À quelle heure t'es couché hier soir ?
(Réponds directement ici, ex: "2h30")

— JARVIS

--- Sending to Telegram ---
{"ok":true,"result":{"message_id":2758,"from":{"id":8997450587,"is_bot":true,"first_name":"Jarvis","username":"shayan_claude_bot"},"chat":{"id":5351269136,"first_name":"Drkflow","username":"drkfloww","type":"private"},"date":1786332603,"text":"\u26a1 JARVIS MORNING BRIEF \u2014 Lundi 10 ao\u00fbt\n\n\u26aa Pas de donn\u00e9es pour hier.\n\n\ud83c\udfaf PRIORIT\u00c9S AUJOURD'HUI\n  1. 2 DMs outreach de qualit\u00e9 \u2014 commence maintenant.\n  2. Bloc deep work 3h minimum \u2014 ferme les notifs, pas de r\u00e9seaux avant 18h.\n  3. Delivery Didier \u2014 avance sur la vid\u00e9o pre-call ou les stories cette semaine.\n\n\ud83d\udcde RELANCES AUJOURD'HUI\n  \u2192 Dayyan (non_qualifie_referral) \u2014 DM Wally Invest (@wallinvest?) \u2014 r\u00e9f\u00e9ral de Dayyan, potentiel SaaS CloseGuard\n  \u2192 L\u00e9ni Constantin (interested_follow_up) \u2014 Relance dans 2-3 semaines \u2014 attendre qu'il ait plus de clients avec son infopreneur\n\n\u26a1 Streak No PMO : 0 \u2014 aujourd'hui \u00e7a recommence.\n\n\ud83d\udccb T\u00c2CHES \u2014 \u00c9CH\u00c9ANCES PROCHES\n  \u2192 Faire la demande pour r\u00e9cup\u00e9rer le permis de conduire \u2014 \u26a0 En retard de 66 jour(s) !\n  \u2192 Refaire un nouveau passeport \u2014 \u26a0 En retard de 40 jour(s) !\n  \u2192 Acheter un tr\u00e9pied pour Fares avant de quitter KL \u2014 \u26a0 En retard de 36 jour(s) !\n  \u2192 Tourner la vid\u00e9o de prospection (Airbnb, vue Petronas, le soir) \u2014 \u26a0 En retard de 37 jour(s) !\n\n\n\ud83d\ude34 Question sommeil : \u00c0 quelle heure t'es couch\u00e9 hier soir ?\n(R\u00e9ponds directement ici, ex: \"2h30\")\n\n\u2014 JARVIS","entities":[{"offset":2,"length":36,"type":"bold"},{"offset":72,"length":21,"type":"bold"},{"offset":311,"length":20,"type":"bold"},{"offset":386,"length":11,"type":"mention"},{"offset":630,"length":26,"type":"bold"},{"offset":995,"length":18,"type":"bold"}]}}
⚡ <b>JARVIS MORNING BRIEF — Mardi 11 août</b>

⚪ Pas de données pour hier.

🎯 <b>PRIORITÉS AUJOURD'HUI</b>
  1. 2 DMs outreach de qualité — commence maintenant.
  2. Bloc deep work 3h minimum — ferme les notifs, pas de réseaux avant 18h.
  3. Delivery Didier — avance sur la vidéo pre-call ou les stories cette semaine.

📞 <b>RELANCES AUJOURD'HUI</b>
  → Dayyan (non_qualifie_referral) — DM Wally Invest (@wallinvest?) — référal de Dayyan, potentiel SaaS CloseGuard
  → Léni Constantin (interested_follow_up) — Relance dans 2-3 semaines — attendre qu'il ait plus de clients avec son infopreneur

⚡ Streak No PMO : 0 — aujourd'hui ça recommence.

📋 <b>TÂCHES — ÉCHÉANCES PROCHES</b>
  → Faire la demande pour récupérer le permis de conduire — ⚠ En retard de 67 jour(s) !
  → Refaire un nouveau passeport — ⚠ En retard de 41 jour(s) !
  → Acheter un trépied pour Fares avant de quitter KL — ⚠ En retard de 37 jour(s) !
  → Tourner la vidéo de prospection (Airbnb, vue Petronas, le soir) — ⚠ En retard de 38 jour(s) !


😴 <b>Question sommeil :</b> À quelle heure t'es couché hier soir ?
(Réponds directement ici, ex: "2h30")

— JARVIS

--- Sending to Telegram ---
{"ok":true,"result":{"message_id":2765,"from":{"id":8997450587,"is_bot":true,"first_name":"Jarvis","username":"shayan_claude_bot"},"chat":{"id":5351269136,"first_name":"Drkflow","username":"drkfloww","type":"private"},"date":1786419001,"text":"\u26a1 JARVIS MORNING BRIEF \u2014 Mardi 11 ao\u00fbt\n\n\u26aa Pas de donn\u00e9es pour hier.\n\n\ud83c\udfaf PRIORIT\u00c9S AUJOURD'HUI\n  1. 2 DMs outreach de qualit\u00e9 \u2014 commence maintenant.\n  2. Bloc deep work 3h minimum \u2014 ferme les notifs, pas de r\u00e9seaux avant 18h.\n  3. Delivery Didier \u2014 avance sur la vid\u00e9o pre-call ou les stories cette semaine.\n\n\ud83d\udcde RELANCES AUJOURD'HUI\n  \u2192 Dayyan (non_qualifie_referral) \u2014 DM Wally Invest (@wallinvest?) \u2014 r\u00e9f\u00e9ral de Dayyan, potentiel SaaS CloseGuard\n  \u2192 L\u00e9ni Constantin (interested_follow_up) \u2014 Relance dans 2-3 semaines \u2014 attendre qu'il ait plus de clients avec son infopreneur\n\n\u26a1 Streak No PMO : 0 \u2014 aujourd'hui \u00e7a recommence.\n\n\ud83d\udccb T\u00c2CHES \u2014 \u00c9CH\u00c9ANCES PROCHES\n  \u2192 Faire la demande pour r\u00e9cup\u00e9rer le permis de conduire \u2014 \u26a0 En retard de 67 jour(s) !\n  \u2192 Refaire un nouveau passeport \u2014 \u26a0 En retard de 41 jour(s) !\n  \u2192 Acheter un tr\u00e9pied pour Fares avant de quitter KL \u2014 \u26a0 En retard de 37 jour(s) !\n  \u2192 Tourner la vid\u00e9o de prospection (Airbnb, vue Petronas, le soir) \u2014 \u26a0 En retard de 38 jour(s) !\n\n\n\ud83d\ude34 Question sommeil : \u00c0 quelle heure t'es couch\u00e9 hier soir ?\n(R\u00e9ponds directement ici, ex: \"2h30\")\n\n\u2014 JARVIS","entities":[{"offset":2,"length":36,"type":"bold"},{"offset":72,"length":21,"type":"bold"},{"offset":311,"length":20,"type":"bold"},{"offset":386,"length":11,"type":"mention"},{"offset":630,"length":26,"type":"bold"},{"offset":995,"length":18,"type":"bold"}]}}
⚡ <b>JARVIS MORNING BRIEF — Mercredi 12 août</b>

⚪ Pas de données pour hier.

🎯 <b>PRIORITÉS AUJOURD'HUI</b>
  1. 2 DMs outreach de qualité — commence maintenant.
  2. Bloc deep work 3h minimum — ferme les notifs, pas de réseaux avant 18h.
  3. Delivery Didier — avance sur la vidéo pre-call ou les stories cette semaine.

📞 <b>RELANCES AUJOURD'HUI</b>
  → Dayyan (non_qualifie_referral) — DM Wally Invest (@wallinvest?) — référal de Dayyan, potentiel SaaS CloseGuard
  → Léni Constantin (interested_follow_up) — Relance dans 2-3 semaines — attendre qu'il ait plus de clients avec son infopreneur

⚡ Streak No PMO : 0 — aujourd'hui ça recommence.

📋 <b>TÂCHES — ÉCHÉANCES PROCHES</b>
  → Faire la demande pour récupérer le permis de conduire — ⚠ En retard de 68 jour(s) !
  → Refaire un nouveau passeport — ⚠ En retard de 42 jour(s) !
  → Acheter un trépied pour Fares avant de quitter KL — ⚠ En retard de 38 jour(s) !
  → Tourner la vidéo de prospection (Airbnb, vue Petronas, le soir) — ⚠ En retard de 39 jour(s) !


😴 <b>Question sommeil :</b> À quelle heure t'es couché hier soir ?
(Réponds directement ici, ex: "2h30")

— JARVIS

--- Sending to Telegram ---
{"ok":true,"result":{"message_id":2769,"from":{"id":8997450587,"is_bot":true,"first_name":"Jarvis","username":"shayan_claude_bot"},"chat":{"id":5351269136,"first_name":"Drkflow","username":"drkfloww","type":"private"},"date":1786505403,"text":"\u26a1 JARVIS MORNING BRIEF \u2014 Mercredi 12 ao\u00fbt\n\n\u26aa Pas de donn\u00e9es pour hier.\n\n\ud83c\udfaf PRIORIT\u00c9S AUJOURD'HUI\n  1. 2 DMs outreach de qualit\u00e9 \u2014 commence maintenant.\n  2. Bloc deep work 3h minimum \u2014 ferme les notifs, pas de r\u00e9seaux avant 18h.\n  3. Delivery Didier \u2014 avance sur la vid\u00e9o pre-call ou les stories cette semaine.\n\n\ud83d\udcde RELANCES AUJOURD'HUI\n  \u2192 Dayyan (non_qualifie_referral) \u2014 DM Wally Invest (@wallinvest?) \u2014 r\u00e9f\u00e9ral de Dayyan, potentiel SaaS CloseGuard\n  \u2192 L\u00e9ni Constantin (interested_follow_up) \u2014 Relance dans 2-3 semaines \u2014 attendre qu'il ait plus de clients avec son infopreneur\n\n\u26a1 Streak No PMO : 0 \u2014 aujourd'hui \u00e7a recommence.\n\n\ud83d\udccb T\u00c2CHES \u2014 \u00c9CH\u00c9ANCES PROCHES\n  \u2192 Faire la demande pour r\u00e9cup\u00e9rer le permis de conduire \u2014 \u26a0 En retard de 68 jour(s) !\n  \u2192 Refaire un nouveau passeport \u2014 \u26a0 En retard de 42 jour(s) !\n  \u2192 Acheter un tr\u00e9pied pour Fares avant de quitter KL \u2014 \u26a0 En retard de 38 jour(s) !\n  \u2192 Tourner la vid\u00e9o de prospection (Airbnb, vue Petronas, le soir) \u2014 \u26a0 En retard de 39 jour(s) !\n\n\n\ud83d\ude34 Question sommeil : \u00c0 quelle heure t'es couch\u00e9 hier soir ?\n(R\u00e9ponds directement ici, ex: \"2h30\")\n\n\u2014 JARVIS","entities":[{"offset":2,"length":39,"type":"bold"},{"offset":75,"length":21,"type":"bold"},{"offset":314,"length":20,"type":"bold"},{"offset":389,"length":11,"type":"mention"},{"offset":633,"length":26,"type":"bold"},{"offset":998,"length":18,"type":"bold"}]}}
⚡ <b>JARVIS MORNING BRIEF — Jeudi 13 août</b>

⚪ Pas de données pour hier.

🎯 <b>PRIORITÉS AUJOURD'HUI</b>
  1. 2 DMs outreach de qualité — commence maintenant.
  2. Bloc deep work 3h minimum — ferme les notifs, pas de réseaux avant 18h.
  3. Delivery Didier — avance sur la vidéo pre-call ou les stories cette semaine.

📞 <b>RELANCES AUJOURD'HUI</b>
  → Dayyan (non_qualifie_referral) — DM Wally Invest (@wallinvest?) — référal de Dayyan, potentiel SaaS CloseGuard
  → Léni Constantin (interested_follow_up) — Relance dans 2-3 semaines — attendre qu'il ait plus de clients avec son infopreneur

⚡ Streak No PMO : 0 — aujourd'hui ça recommence.

📋 <b>TÂCHES — ÉCHÉANCES PROCHES</b>
  → Faire la demande pour récupérer le permis de conduire — ⚠ En retard de 69 jour(s) !
  → Refaire un nouveau passeport — ⚠ En retard de 43 jour(s) !
  → Acheter un trépied pour Fares avant de quitter KL — ⚠ En retard de 39 jour(s) !
  → Tourner la vidéo de prospection (Airbnb, vue Petronas, le soir) — ⚠ En retard de 40 jour(s) !


😴 <b>Question sommeil :</b> À quelle heure t'es couché hier soir ?
(Réponds directement ici, ex: "2h30")

— JARVIS

--- Sending to Telegram ---
{"ok":true,"result":{"message_id":2772,"from":{"id":8997450587,"is_bot":true,"first_name":"Jarvis","username":"shayan_claude_bot"},"chat":{"id":5351269136,"first_name":"Drkflow","username":"drkfloww","type":"private"},"date":1786591803,"text":"\u26a1 JARVIS MORNING BRIEF \u2014 Jeudi 13 ao\u00fbt\n\n\u26aa Pas de donn\u00e9es pour hier.\n\n\ud83c\udfaf PRIORIT\u00c9S AUJOURD'HUI\n  1. 2 DMs outreach de qualit\u00e9 \u2014 commence maintenant.\n  2. Bloc deep work 3h minimum \u2014 ferme les notifs, pas de r\u00e9seaux avant 18h.\n  3. Delivery Didier \u2014 avance sur la vid\u00e9o pre-call ou les stories cette semaine.\n\n\ud83d\udcde RELANCES AUJOURD'HUI\n  \u2192 Dayyan (non_qualifie_referral) \u2014 DM Wally Invest (@wallinvest?) \u2014 r\u00e9f\u00e9ral de Dayyan, potentiel SaaS CloseGuard\n  \u2192 L\u00e9ni Constantin (interested_follow_up) \u2014 Relance dans 2-3 semaines \u2014 attendre qu'il ait plus de clients avec son infopreneur\n\n\u26a1 Streak No PMO : 0 \u2014 aujourd'hui \u00e7a recommence.\n\n\ud83d\udccb T\u00c2CHES \u2014 \u00c9CH\u00c9ANCES PROCHES\n  \u2192 Faire la demande pour r\u00e9cup\u00e9rer le permis de conduire \u2014 \u26a0 En retard de 69 jour(s) !\n  \u2192 Refaire un nouveau passeport \u2014 \u26a0 En retard de 43 jour(s) !\n  \u2192 Acheter un tr\u00e9pied pour Fares avant de quitter KL \u2014 \u26a0 En retard de 39 jour(s) !\n  \u2192 Tourner la vid\u00e9o de prospection (Airbnb, vue Petronas, le soir) \u2014 \u26a0 En retard de 40 jour(s) !\n\n\n\ud83d\ude34 Question sommeil : \u00c0 quelle heure t'es couch\u00e9 hier soir ?\n(R\u00e9ponds directement ici, ex: \"2h30\")\n\n\u2014 JARVIS","entities":[{"offset":2,"length":36,"type":"bold"},{"offset":72,"length":21,"type":"bold"},{"offset":311,"length":20,"type":"bold"},{"offset":386,"length":11,"type":"mention"},{"offset":630,"length":26,"type":"bold"},{"offset":995,"length":18,"type":"bold"}]}}
⚡ <b>JARVIS MORNING BRIEF — Vendredi 14 août</b>

⚪ Pas de données pour hier.

🎯 <b>PRIORITÉS AUJOURD'HUI</b>
  1. 2 DMs outreach de qualité — commence maintenant.
  2. Bloc deep work 3h minimum — ferme les notifs, pas de réseaux avant 18h.
  3. Delivery Didier — avance sur la vidéo pre-call ou les stories cette semaine.

📞 <b>RELANCES AUJOURD'HUI</b>
  → Dayyan (non_qualifie_referral) — DM Wally Invest (@wallinvest?) — référal de Dayyan, potentiel SaaS CloseGuard
  → Léni Constantin (interested_follow_up) — Relance dans 2-3 semaines — attendre qu'il ait plus de clients avec son infopreneur

⚡ Streak No PMO : 0 — aujourd'hui ça recommence.

📋 <b>TÂCHES — ÉCHÉANCES PROCHES</b>
  → Faire la demande pour récupérer le permis de conduire — ⚠ En retard de 70 jour(s) !
  → Refaire un nouveau passeport — ⚠ En retard de 44 jour(s) !
  → Acheter un trépied pour Fares avant de quitter KL — ⚠ En retard de 40 jour(s) !
  → Tourner la vidéo de prospection (Airbnb, vue Petronas, le soir) — ⚠ En retard de 41 jour(s) !


😴 <b>Question sommeil :</b> À quelle heure t'es couché hier soir ?
(Réponds directement ici, ex: "2h30")

— JARVIS

--- Sending to Telegram ---
{"ok":true,"result":{"message_id":2777,"from":{"id":8997450587,"is_bot":true,"first_name":"Jarvis","username":"shayan_claude_bot"},"chat":{"id":5351269136,"first_name":"Drkflow","username":"drkfloww","type":"private"},"date":1786678204,"text":"\u26a1 JARVIS MORNING BRIEF \u2014 Vendredi 14 ao\u00fbt\n\n\u26aa Pas de donn\u00e9es pour hier.\n\n\ud83c\udfaf PRIORIT\u00c9S AUJOURD'HUI\n  1. 2 DMs outreach de qualit\u00e9 \u2014 commence maintenant.\n  2. Bloc deep work 3h minimum \u2014 ferme les notifs, pas de r\u00e9seaux avant 18h.\n  3. Delivery Didier \u2014 avance sur la vid\u00e9o pre-call ou les stories cette semaine.\n\n\ud83d\udcde RELANCES AUJOURD'HUI\n  \u2192 Dayyan (non_qualifie_referral) \u2014 DM Wally Invest (@wallinvest?) \u2014 r\u00e9f\u00e9ral de Dayyan, potentiel SaaS CloseGuard\n  \u2192 L\u00e9ni Constantin (interested_follow_up) \u2014 Relance dans 2-3 semaines \u2014 attendre qu'il ait plus de clients avec son infopreneur\n\n\u26a1 Streak No PMO : 0 \u2014 aujourd'hui \u00e7a recommence.\n\n\ud83d\udccb T\u00c2CHES \u2014 \u00c9CH\u00c9ANCES PROCHES\n  \u2192 Faire la demande pour r\u00e9cup\u00e9rer le permis de conduire \u2014 \u26a0 En retard de 70 jour(s) !\n  \u2192 Refaire un nouveau passeport \u2014 \u26a0 En retard de 44 jour(s) !\n  \u2192 Acheter un tr\u00e9pied pour Fares avant de quitter KL \u2014 \u26a0 En retard de 40 jour(s) !\n  \u2192 Tourner la vid\u00e9o de prospection (Airbnb, vue Petronas, le soir) \u2014 \u26a0 En retard de 41 jour(s) !\n\n\n\ud83d\ude34 Question sommeil : \u00c0 quelle heure t'es couch\u00e9 hier soir ?\n(R\u00e9ponds directement ici, ex: \"2h30\")\n\n\u2014 JARVIS","entities":[{"offset":2,"length":39,"type":"bold"},{"offset":75,"length":21,"type":"bold"},{"offset":314,"length":20,"type":"bold"},{"offset":389,"length":11,"type":"mention"},{"offset":633,"length":26,"type":"bold"},{"offset":998,"length":18,"type":"bold"}]}}
⚡ <b>JARVIS MORNING BRIEF — Samedi 15 août</b>

⚪ Pas de données pour hier.

🎯 <b>PRIORITÉS AUJOURD'HUI</b>
  1. 2 DMs outreach de qualité — commence maintenant.
  2. Bloc deep work 3h minimum — ferme les notifs, pas de réseaux avant 18h.
  3. Delivery Didier — avance sur la vidéo pre-call ou les stories cette semaine.

📞 <b>RELANCES AUJOURD'HUI</b>
  → Dayyan (non_qualifie_referral) — DM Wally Invest (@wallinvest?) — référal de Dayyan, potentiel SaaS CloseGuard
  → Léni Constantin (interested_follow_up) — Relance dans 2-3 semaines — attendre qu'il ait plus de clients avec son infopreneur

⚡ Streak No PMO : 0 — aujourd'hui ça recommence.

📋 <b>TÂCHES — ÉCHÉANCES PROCHES</b>
  → Faire la demande pour récupérer le permis de conduire — ⚠ En retard de 71 jour(s) !
  → Refaire un nouveau passeport — ⚠ En retard de 45 jour(s) !
  → Acheter un trépied pour Fares avant de quitter KL — ⚠ En retard de 41 jour(s) !
  → Tourner la vidéo de prospection (Airbnb, vue Petronas, le soir) — ⚠ En retard de 42 jour(s) !


😴 <b>Question sommeil :</b> À quelle heure t'es couché hier soir ?
(Réponds directement ici, ex: "2h30")

— JARVIS

--- Sending to Telegram ---

⚡ <b>JARVIS MORNING BRIEF — Dimanche 16 août</b>

⚪ Pas de données pour hier.

🎯 <b>PRIORITÉS AUJOURD'HUI</b>
  1. 2 DMs outreach de qualité — commence maintenant.
  2. Bloc deep work 3h minimum — ferme les notifs, pas de réseaux avant 18h.
  3. Delivery Didier — avance sur la vidéo pre-call ou les stories cette semaine.

📞 <b>RELANCES AUJOURD'HUI</b>
  → Dayyan (non_qualifie_referral) — DM Wally Invest (@wallinvest?) — référal de Dayyan, potentiel SaaS CloseGuard
  → Léni Constantin (interested_follow_up) — Relance dans 2-3 semaines — attendre qu'il ait plus de clients avec son infopreneur

⚡ Streak No PMO : 0 — aujourd'hui ça recommence.

📋 <b>TÂCHES — ÉCHÉANCES PROCHES</b>
  → Faire la demande pour récupérer le permis de conduire — ⚠ En retard de 72 jour(s) !
  → Refaire un nouveau passeport — ⚠ En retard de 46 jour(s) !
  → Acheter un trépied pour Fares avant de quitter KL — ⚠ En retard de 42 jour(s) !
  → Tourner la vidéo de prospection (Airbnb, vue Petronas, le soir) — ⚠ En retard de 43 jour(s) !


😴 <b>Question sommeil :</b> À quelle heure t'es couché hier soir ?
(Réponds directement ici, ex: "2h30")

— JARVIS

--- Sending to Telegram ---
{"ok":true,"result":{"message_id":2803,"from":{"id":8997450587,"is_bot":true,"first_name":"Jarvis","username":"shayan_claude_bot"},"chat":{"id":5351269136,"first_name":"Drkflow","username":"drkfloww","type":"private"},"date":1786851004,"text":"\u26a1 JARVIS MORNING BRIEF \u2014 Dimanche 16 ao\u00fbt\n\n\u26aa Pas de donn\u00e9es pour hier.\n\n\ud83c\udfaf PRIORIT\u00c9S AUJOURD'HUI\n  1. 2 DMs outreach de qualit\u00e9 \u2014 commence maintenant.\n  2. Bloc deep work 3h minimum \u2014 ferme les notifs, pas de r\u00e9seaux avant 18h.\n  3. Delivery Didier \u2014 avance sur la vid\u00e9o pre-call ou les stories cette semaine.\n\n\ud83d\udcde RELANCES AUJOURD'HUI\n  \u2192 Dayyan (non_qualifie_referral) \u2014 DM Wally Invest (@wallinvest?) \u2014 r\u00e9f\u00e9ral de Dayyan, potentiel SaaS CloseGuard\n  \u2192 L\u00e9ni Constantin (interested_follow_up) \u2014 Relance dans 2-3 semaines \u2014 attendre qu'il ait plus de clients avec son infopreneur\n\n\u26a1 Streak No PMO : 0 \u2014 aujourd'hui \u00e7a recommence.\n\n\ud83d\udccb T\u00c2CHES \u2014 \u00c9CH\u00c9ANCES PROCHES\n  \u2192 Faire la demande pour r\u00e9cup\u00e9rer le permis de conduire \u2014 \u26a0 En retard de 72 jour(s) !\n  \u2192 Refaire un nouveau passeport \u2014 \u26a0 En retard de 46 jour(s) !\n  \u2192 Acheter un tr\u00e9pied pour Fares avant de quitter KL \u2014 \u26a0 En retard de 42 jour(s) !\n  \u2192 Tourner la vid\u00e9o de prospection (Airbnb, vue Petronas, le soir) \u2014 \u26a0 En retard de 43 jour(s) !\n\n\n\ud83d\ude34 Question sommeil : \u00c0 quelle heure t'es couch\u00e9 hier soir ?\n(R\u00e9ponds directement ici, ex: \"2h30\")\n\n\u2014 JARVIS","entities":[{"offset":2,"length":39,"type":"bold"},{"offset":75,"length":21,"type":"bold"},{"offset":314,"length":20,"type":"bold"},{"offset":389,"length":11,"type":"mention"},{"offset":633,"length":26,"type":"bold"},{"offset":998,"length":18,"type":"bold"}]}}
⚡ <b>JARVIS MORNING BRIEF — Lundi 17 août</b>

⚪ Pas de données pour hier.

🎯 <b>PRIORITÉS AUJOURD'HUI</b>
  1. 2 DMs outreach de qualité — commence maintenant.
  2. Bloc deep work 3h minimum — ferme les notifs, pas de réseaux avant 18h.
  3. Delivery Didier — avance sur la vidéo pre-call ou les stories cette semaine.

📞 <b>RELANCES AUJOURD'HUI</b>
  → Dayyan (non_qualifie_referral) — DM Wally Invest (@wallinvest?) — référal de Dayyan, potentiel SaaS CloseGuard
  → Léni Constantin (interested_follow_up) — Relance dans 2-3 semaines — attendre qu'il ait plus de clients avec son infopreneur

⚡ Streak No PMO : 0 — aujourd'hui ça recommence.

📋 <b>TÂCHES — ÉCHÉANCES PROCHES</b>
  → Faire la demande pour récupérer le permis de conduire — ⚠ En retard de 73 jour(s) !
  → Refaire un nouveau passeport — ⚠ En retard de 47 jour(s) !
  → Acheter un trépied pour Fares avant de quitter KL — ⚠ En retard de 43 jour(s) !
  → Tourner la vidéo de prospection (Airbnb, vue Petronas, le soir) — ⚠ En retard de 44 jour(s) !


😴 <b>Question sommeil :</b> À quelle heure t'es couché hier soir ?
(Réponds directement ici, ex: "2h30")

— JARVIS

--- Sending to Telegram ---
{"ok":true,"result":{"message_id":2816,"from":{"id":8997450587,"is_bot":true,"first_name":"Jarvis","username":"shayan_claude_bot"},"chat":{"id":5351269136,"first_name":"Drkflow","username":"drkfloww","type":"private"},"date":1786937403,"text":"\u26a1 JARVIS MORNING BRIEF \u2014 Lundi 17 ao\u00fbt\n\n\u26aa Pas de donn\u00e9es pour hier.\n\n\ud83c\udfaf PRIORIT\u00c9S AUJOURD'HUI\n  1. 2 DMs outreach de qualit\u00e9 \u2014 commence maintenant.\n  2. Bloc deep work 3h minimum \u2014 ferme les notifs, pas de r\u00e9seaux avant 18h.\n  3. Delivery Didier \u2014 avance sur la vid\u00e9o pre-call ou les stories cette semaine.\n\n\ud83d\udcde RELANCES AUJOURD'HUI\n  \u2192 Dayyan (non_qualifie_referral) \u2014 DM Wally Invest (@wallinvest?) \u2014 r\u00e9f\u00e9ral de Dayyan, potentiel SaaS CloseGuard\n  \u2192 L\u00e9ni Constantin (interested_follow_up) \u2014 Relance dans 2-3 semaines \u2014 attendre qu'il ait plus de clients avec son infopreneur\n\n\u26a1 Streak No PMO : 0 \u2014 aujourd'hui \u00e7a recommence.\n\n\ud83d\udccb T\u00c2CHES \u2014 \u00c9CH\u00c9ANCES PROCHES\n  \u2192 Faire la demande pour r\u00e9cup\u00e9rer le permis de conduire \u2014 \u26a0 En retard de 73 jour(s) !\n  \u2192 Refaire un nouveau passeport \u2014 \u26a0 En retard de 47 jour(s) !\n  \u2192 Acheter un tr\u00e9pied pour Fares avant de quitter KL \u2014 \u26a0 En retard de 43 jour(s) !\n  \u2192 Tourner la vid\u00e9o de prospection (Airbnb, vue Petronas, le soir) \u2014 \u26a0 En retard de 44 jour(s) !\n\n\n\ud83d\ude34 Question sommeil : \u00c0 quelle heure t'es couch\u00e9 hier soir ?\n(R\u00e9ponds directement ici, ex: \"2h30\")\n\n\u2014 JARVIS","entities":[{"offset":2,"length":36,"type":"bold"},{"offset":72,"length":21,"type":"bold"},{"offset":311,"length":20,"type":"bold"},{"offset":386,"length":11,"type":"mention"},{"offset":630,"length":26,"type":"bold"},{"offset":995,"length":18,"type":"bold"}]}}
⚡ <b>JARVIS MORNING BRIEF — Mardi 18 août</b>

⚪ Pas de données pour hier.

🎯 <b>PRIORITÉS AUJOURD'HUI</b>
  1. 2 DMs outreach de qualité — commence maintenant.
  2. Bloc deep work 3h minimum — ferme les notifs, pas de réseaux avant 18h.
  3. Delivery Didier — avance sur la vidéo pre-call ou les stories cette semaine.

📞 <b>RELANCES AUJOURD'HUI</b>
  → Dayyan (non_qualifie_referral) — DM Wally Invest (@wallinvest?) — référal de Dayyan, potentiel SaaS CloseGuard
  → Léni Constantin (interested_follow_up) — Relance dans 2-3 semaines — attendre qu'il ait plus de clients avec son infopreneur

⚡ Streak No PMO : 0 — aujourd'hui ça recommence.

📋 <b>TÂCHES — ÉCHÉANCES PROCHES</b>
  → Faire la demande pour récupérer le permis de conduire — ⚠ En retard de 74 jour(s) !
  → Refaire un nouveau passeport — ⚠ En retard de 48 jour(s) !
  → Acheter un trépied pour Fares avant de quitter KL — ⚠ En retard de 44 jour(s) !
  → Tourner la vidéo de prospection (Airbnb, vue Petronas, le soir) — ⚠ En retard de 45 jour(s) !


😴 <b>Question sommeil :</b> À quelle heure t'es couché hier soir ?
(Réponds directement ici, ex: "2h30")

— JARVIS

--- Sending to Telegram ---
{"ok":true,"result":{"message_id":2833,"from":{"id":8997450587,"is_bot":true,"first_name":"Jarvis","username":"shayan_claude_bot"},"chat":{"id":5351269136,"first_name":"Drkflow","username":"drkfloww","type":"private"},"date":1787023802,"text":"\u26a1 JARVIS MORNING BRIEF \u2014 Mardi 18 ao\u00fbt\n\n\u26aa Pas de donn\u00e9es pour hier.\n\n\ud83c\udfaf PRIORIT\u00c9S AUJOURD'HUI\n  1. 2 DMs outreach de qualit\u00e9 \u2014 commence maintenant.\n  2. Bloc deep work 3h minimum \u2014 ferme les notifs, pas de r\u00e9seaux avant 18h.\n  3. Delivery Didier \u2014 avance sur la vid\u00e9o pre-call ou les stories cette semaine.\n\n\ud83d\udcde RELANCES AUJOURD'HUI\n  \u2192 Dayyan (non_qualifie_referral) \u2014 DM Wally Invest (@wallinvest?) \u2014 r\u00e9f\u00e9ral de Dayyan, potentiel SaaS CloseGuard\n  \u2192 L\u00e9ni Constantin (interested_follow_up) \u2014 Relance dans 2-3 semaines \u2014 attendre qu'il ait plus de clients avec son infopreneur\n\n\u26a1 Streak No PMO : 0 \u2014 aujourd'hui \u00e7a recommence.\n\n\ud83d\udccb T\u00c2CHES \u2014 \u00c9CH\u00c9ANCES PROCHES\n  \u2192 Faire la demande pour r\u00e9cup\u00e9rer le permis de conduire \u2014 \u26a0 En retard de 74 jour(s) !\n  \u2192 Refaire un nouveau passeport \u2014 \u26a0 En retard de 48 jour(s) !\n  \u2192 Acheter un tr\u00e9pied pour Fares avant de quitter KL \u2014 \u26a0 En retard de 44 jour(s) !\n  \u2192 Tourner la vid\u00e9o de prospection (Airbnb, vue Petronas, le soir) \u2014 \u26a0 En retard de 45 jour(s) !\n\n\n\ud83d\ude34 Question sommeil : \u00c0 quelle heure t'es couch\u00e9 hier soir ?\n(R\u00e9ponds directement ici, ex: \"2h30\")\n\n\u2014 JARVIS","entities":[{"offset":2,"length":36,"type":"bold"},{"offset":72,"length":21,"type":"bold"},{"offset":311,"length":20,"type":"bold"},{"offset":386,"length":11,"type":"mention"},{"offset":630,"length":26,"type":"bold"},{"offset":995,"length":18,"type":"bold"}]}}
⚡ <b>JARVIS MORNING BRIEF — Mercredi 19 août</b>

⚪ Pas de données pour hier.

🎯 <b>PRIORITÉS AUJOURD'HUI</b>
  1. 2 DMs outreach de qualité — commence maintenant.
  2. Bloc deep work 3h minimum — ferme les notifs, pas de réseaux avant 18h.
  3. Delivery Didier — avance sur la vidéo pre-call ou les stories cette semaine.

📞 <b>RELANCES AUJOURD'HUI</b>
  → Dayyan (non_qualifie_referral) — DM Wally Invest (@wallinvest?) — référal de Dayyan, potentiel SaaS CloseGuard
  → Léni Constantin (interested_follow_up) — Relance dans 2-3 semaines — attendre qu'il ait plus de clients avec son infopreneur

⚡ Streak No PMO : 0 — aujourd'hui ça recommence.

📋 <b>TÂCHES — ÉCHÉANCES PROCHES</b>
  → Faire la demande pour récupérer le permis de conduire — ⚠ En retard de 75 jour(s) !
  → Refaire un nouveau passeport — ⚠ En retard de 49 jour(s) !
  → Acheter un trépied pour Fares avant de quitter KL — ⚠ En retard de 45 jour(s) !
  → Tourner la vidéo de prospection (Airbnb, vue Petronas, le soir) — ⚠ En retard de 46 jour(s) !


😴 <b>Question sommeil :</b> À quelle heure t'es couché hier soir ?
(Réponds directement ici, ex: "2h30")

— JARVIS

--- Sending to Telegram ---
{"ok":true,"result":{"message_id":2841,"from":{"id":8997450587,"is_bot":true,"first_name":"Jarvis","username":"shayan_claude_bot"},"chat":{"id":5351269136,"first_name":"Drkflow","username":"drkfloww","type":"private"},"date":1787110201,"text":"\u26a1 JARVIS MORNING BRIEF \u2014 Mercredi 19 ao\u00fbt\n\n\u26aa Pas de donn\u00e9es pour hier.\n\n\ud83c\udfaf PRIORIT\u00c9S AUJOURD'HUI\n  1. 2 DMs outreach de qualit\u00e9 \u2014 commence maintenant.\n  2. Bloc deep work 3h minimum \u2014 ferme les notifs, pas de r\u00e9seaux avant 18h.\n  3. Delivery Didier \u2014 avance sur la vid\u00e9o pre-call ou les stories cette semaine.\n\n\ud83d\udcde RELANCES AUJOURD'HUI\n  \u2192 Dayyan (non_qualifie_referral) \u2014 DM Wally Invest (@wallinvest?) \u2014 r\u00e9f\u00e9ral de Dayyan, potentiel SaaS CloseGuard\n  \u2192 L\u00e9ni Constantin (interested_follow_up) \u2014 Relance dans 2-3 semaines \u2014 attendre qu'il ait plus de clients avec son infopreneur\n\n\u26a1 Streak No PMO : 0 \u2014 aujourd'hui \u00e7a recommence.\n\n\ud83d\udccb T\u00c2CHES \u2014 \u00c9CH\u00c9ANCES PROCHES\n  \u2192 Faire la demande pour r\u00e9cup\u00e9rer le permis de conduire \u2014 \u26a0 En retard de 75 jour(s) !\n  \u2192 Refaire un nouveau passeport \u2014 \u26a0 En retard de 49 jour(s) !\n  \u2192 Acheter un tr\u00e9pied pour Fares avant de quitter KL \u2014 \u26a0 En retard de 45 jour(s) !\n  \u2192 Tourner la vid\u00e9o de prospection (Airbnb, vue Petronas, le soir) \u2014 \u26a0 En retard de 46 jour(s) !\n\n\n\ud83d\ude34 Question sommeil : \u00c0 quelle heure t'es couch\u00e9 hier soir ?\n(R\u00e9ponds directement ici, ex: \"2h30\")\n\n\u2014 JARVIS","entities":[{"offset":2,"length":39,"type":"bold"},{"offset":75,"length":21,"type":"bold"},{"offset":314,"length":20,"type":"bold"},{"offset":389,"length":11,"type":"mention"},{"offset":633,"length":26,"type":"bold"},{"offset":998,"length":18,"type":"bold"}]}}
⚡ <b>JARVIS MORNING BRIEF — Jeudi 20 août</b>

⚪ Pas de données pour hier.

🎯 <b>PRIORITÉS AUJOURD'HUI</b>
  1. 2 DMs outreach de qualité — commence maintenant.
  2. Bloc deep work 3h minimum — ferme les notifs, pas de réseaux avant 18h.
  3. Delivery Didier — avance sur la vidéo pre-call ou les stories cette semaine.

📞 <b>RELANCES AUJOURD'HUI</b>
  → Dayyan (non_qualifie_referral) — DM Wally Invest (@wallinvest?) — référal de Dayyan, potentiel SaaS CloseGuard
  → Léni Constantin (interested_follow_up) — Relance dans 2-3 semaines — attendre qu'il ait plus de clients avec son infopreneur

⚡ Streak No PMO : 0 — aujourd'hui ça recommence.

📋 <b>TÂCHES — ÉCHÉANCES PROCHES</b>
  → Faire la demande pour récupérer le permis de conduire — ⚠ En retard de 76 jour(s) !
  → Refaire un nouveau passeport — ⚠ En retard de 50 jour(s) !
  → Acheter un trépied pour Fares avant de quitter KL — ⚠ En retard de 46 jour(s) !
  → Tourner la vidéo de prospection (Airbnb, vue Petronas, le soir) — ⚠ En retard de 47 jour(s) !


😴 <b>Question sommeil :</b> À quelle heure t'es couché hier soir ?
(Réponds directement ici, ex: "2h30")

— JARVIS

--- Sending to Telegram ---
{"ok":true,"result":{"message_id":2845,"from":{"id":8997450587,"is_bot":true,"first_name":"Jarvis","username":"shayan_claude_bot"},"chat":{"id":5351269136,"first_name":"Drkflow","username":"drkfloww","type":"private"},"date":1787196602,"text":"\u26a1 JARVIS MORNING BRIEF \u2014 Jeudi 20 ao\u00fbt\n\n\u26aa Pas de donn\u00e9es pour hier.\n\n\ud83c\udfaf PRIORIT\u00c9S AUJOURD'HUI\n  1. 2 DMs outreach de qualit\u00e9 \u2014 commence maintenant.\n  2. Bloc deep work 3h minimum \u2014 ferme les notifs, pas de r\u00e9seaux avant 18h.\n  3. Delivery Didier \u2014 avance sur la vid\u00e9o pre-call ou les stories cette semaine.\n\n\ud83d\udcde RELANCES AUJOURD'HUI\n  \u2192 Dayyan (non_qualifie_referral) \u2014 DM Wally Invest (@wallinvest?) \u2014 r\u00e9f\u00e9ral de Dayyan, potentiel SaaS CloseGuard\n  \u2192 L\u00e9ni Constantin (interested_follow_up) \u2014 Relance dans 2-3 semaines \u2014 attendre qu'il ait plus de clients avec son infopreneur\n\n\u26a1 Streak No PMO : 0 \u2014 aujourd'hui \u00e7a recommence.\n\n\ud83d\udccb T\u00c2CHES \u2014 \u00c9CH\u00c9ANCES PROCHES\n  \u2192 Faire la demande pour r\u00e9cup\u00e9rer le permis de conduire \u2014 \u26a0 En retard de 76 jour(s) !\n  \u2192 Refaire un nouveau passeport \u2014 \u26a0 En retard de 50 jour(s) !\n  \u2192 Acheter un tr\u00e9pied pour Fares avant de quitter KL \u2014 \u26a0 En retard de 46 jour(s) !\n  \u2192 Tourner la vid\u00e9o de prospection (Airbnb, vue Petronas, le soir) \u2014 \u26a0 En retard de 47 jour(s) !\n\n\n\ud83d\ude34 Question sommeil : \u00c0 quelle heure t'es couch\u00e9 hier soir ?\n(R\u00e9ponds directement ici, ex: \"2h30\")\n\n\u2014 JARVIS","entities":[{"offset":2,"length":36,"type":"bold"},{"offset":72,"length":21,"type":"bold"},{"offset":311,"length":20,"type":"bold"},{"offset":386,"length":11,"type":"mention"},{"offset":630,"length":26,"type":"bold"},{"offset":995,"length":18,"type":"bold"}]}}
⚡ <b>JARVIS MORNING BRIEF — Vendredi 21 août</b>

⚪ Pas de données pour hier.

🎯 <b>PRIORITÉS AUJOURD'HUI</b>
  1. 2 DMs outreach de qualité — commence maintenant.
  2. Bloc deep work 3h minimum — ferme les notifs, pas de réseaux avant 18h.
  3. Delivery Didier — avance sur la vidéo pre-call ou les stories cette semaine.

📞 <b>RELANCES AUJOURD'HUI</b>
  → Dayyan (non_qualifie_referral) — DM Wally Invest (@wallinvest?) — référal de Dayyan, potentiel SaaS CloseGuard
  → Léni Constantin (interested_follow_up) — Relance dans 2-3 semaines — attendre qu'il ait plus de clients avec son infopreneur

⚡ Streak No PMO : 0 — aujourd'hui ça recommence.

📋 <b>TÂCHES — ÉCHÉANCES PROCHES</b>
  → Faire la demande pour récupérer le permis de conduire — ⚠ En retard de 77 jour(s) !
  → Refaire un nouveau passeport — ⚠ En retard de 51 jour(s) !
  → Acheter un trépied pour Fares avant de quitter KL — ⚠ En retard de 47 jour(s) !
  → Tourner la vidéo de prospection (Airbnb, vue Petronas, le soir) — ⚠ En retard de 48 jour(s) !


😴 <b>Question sommeil :</b> À quelle heure t'es couché hier soir ?
(Réponds directement ici, ex: "2h30")

— JARVIS

--- Sending to Telegram ---

⚡ <b>JARVIS MORNING BRIEF — Samedi 22 août</b>

⚪ Pas de données pour hier.

🎯 <b>PRIORITÉS AUJOURD'HUI</b>
  1. 2 DMs outreach de qualité — commence maintenant.
  2. Bloc deep work 3h minimum — ferme les notifs, pas de réseaux avant 18h.
  3. Delivery Didier — avance sur la vidéo pre-call ou les stories cette semaine.

📞 <b>RELANCES AUJOURD'HUI</b>
  → Dayyan (non_qualifie_referral) — DM Wally Invest (@wallinvest?) — référal de Dayyan, potentiel SaaS CloseGuard
  → Léni Constantin (interested_follow_up) — Relance dans 2-3 semaines — attendre qu'il ait plus de clients avec son infopreneur

⚡ Streak No PMO : 0 — aujourd'hui ça recommence.

📋 <b>TÂCHES — ÉCHÉANCES PROCHES</b>
  → Faire la demande pour récupérer le permis de conduire — ⚠ En retard de 78 jour(s) !
  → Refaire un nouveau passeport — ⚠ En retard de 52 jour(s) !
  → Acheter un trépied pour Fares avant de quitter KL — ⚠ En retard de 48 jour(s) !
  → Tourner la vidéo de prospection (Airbnb, vue Petronas, le soir) — ⚠ En retard de 49 jour(s) !


😴 <b>Question sommeil :</b> À quelle heure t'es couché hier soir ?
(Réponds directement ici, ex: "2h30")

— JARVIS

--- Sending to Telegram ---
{"ok":true,"result":{"message_id":2851,"from":{"id":8997450587,"is_bot":true,"first_name":"Jarvis","username":"shayan_claude_bot"},"chat":{"id":5351269136,"first_name":"Drkflow","username":"drkfloww","type":"private"},"date":1787369402,"text":"\u26a1 JARVIS MORNING BRIEF \u2014 Samedi 22 ao\u00fbt\n\n\u26aa Pas de donn\u00e9es pour hier.\n\n\ud83c\udfaf PRIORIT\u00c9S AUJOURD'HUI\n  1. 2 DMs outreach de qualit\u00e9 \u2014 commence maintenant.\n  2. Bloc deep work 3h minimum \u2014 ferme les notifs, pas de r\u00e9seaux avant 18h.\n  3. Delivery Didier \u2014 avance sur la vid\u00e9o pre-call ou les stories cette semaine.\n\n\ud83d\udcde RELANCES AUJOURD'HUI\n  \u2192 Dayyan (non_qualifie_referral) \u2014 DM Wally Invest (@wallinvest?) \u2014 r\u00e9f\u00e9ral de Dayyan, potentiel SaaS CloseGuard\n  \u2192 L\u00e9ni Constantin (interested_follow_up) \u2014 Relance dans 2-3 semaines \u2014 attendre qu'il ait plus de clients avec son infopreneur\n\n\u26a1 Streak No PMO : 0 \u2014 aujourd'hui \u00e7a recommence.\n\n\ud83d\udccb T\u00c2CHES \u2014 \u00c9CH\u00c9ANCES PROCHES\n  \u2192 Faire la demande pour r\u00e9cup\u00e9rer le permis de conduire \u2014 \u26a0 En retard de 78 jour(s) !\n  \u2192 Refaire un nouveau passeport \u2014 \u26a0 En retard de 52 jour(s) !\n  \u2192 Acheter un tr\u00e9pied pour Fares avant de quitter KL \u2014 \u26a0 En retard de 48 jour(s) !\n  \u2192 Tourner la vid\u00e9o de prospection (Airbnb, vue Petronas, le soir) \u2014 \u26a0 En retard de 49 jour(s) !\n\n\n\ud83d\ude34 Question sommeil : \u00c0 quelle heure t'es couch\u00e9 hier soir ?\n(R\u00e9ponds directement ici, ex: \"2h30\")\n\n\u2014 JARVIS","entities":[{"offset":2,"length":37,"type":"bold"},{"offset":73,"length":21,"type":"bold"},{"offset":312,"length":20,"type":"bold"},{"offset":387,"length":11,"type":"mention"},{"offset":631,"length":26,"type":"bold"},{"offset":996,"length":18,"type":"bold"}]}}
⚡ <b>JARVIS MORNING BRIEF — Dimanche 23 août</b>

⚪ Pas de données pour hier.

🎯 <b>PRIORITÉS AUJOURD'HUI</b>
  1. 2 DMs outreach de qualité — commence maintenant.
  2. Bloc deep work 3h minimum — ferme les notifs, pas de réseaux avant 18h.
  3. Delivery Didier — avance sur la vidéo pre-call ou les stories cette semaine.

📞 <b>RELANCES AUJOURD'HUI</b>
  → Dayyan (non_qualifie_referral) — DM Wally Invest (@wallinvest?) — référal de Dayyan, potentiel SaaS CloseGuard
  → Léni Constantin (interested_follow_up) — Relance dans 2-3 semaines — attendre qu'il ait plus de clients avec son infopreneur

⚡ Streak No PMO : 0 — aujourd'hui ça recommence.

📋 <b>TÂCHES — ÉCHÉANCES PROCHES</b>
  → Faire la demande pour récupérer le permis de conduire — ⚠ En retard de 79 jour(s) !
  → Refaire un nouveau passeport — ⚠ En retard de 53 jour(s) !
  → Acheter un trépied pour Fares avant de quitter KL — ⚠ En retard de 49 jour(s) !
  → Tourner la vidéo de prospection (Airbnb, vue Petronas, le soir) — ⚠ En retard de 50 jour(s) !


😴 <b>Question sommeil :</b> À quelle heure t'es couché hier soir ?
(Réponds directement ici, ex: "2h30")

— JARVIS

--- Sending to Telegram ---
{"ok":true,"result":{"message_id":2859,"from":{"id":8997450587,"is_bot":true,"first_name":"Jarvis","username":"shayan_claude_bot"},"chat":{"id":5351269136,"first_name":"Drkflow","username":"drkfloww","type":"private"},"date":1787455806,"text":"\u26a1 JARVIS MORNING BRIEF \u2014 Dimanche 23 ao\u00fbt\n\n\u26aa Pas de donn\u00e9es pour hier.\n\n\ud83c\udfaf PRIORIT\u00c9S AUJOURD'HUI\n  1. 2 DMs outreach de qualit\u00e9 \u2014 commence maintenant.\n  2. Bloc deep work 3h minimum \u2014 ferme les notifs, pas de r\u00e9seaux avant 18h.\n  3. Delivery Didier \u2014 avance sur la vid\u00e9o pre-call ou les stories cette semaine.\n\n\ud83d\udcde RELANCES AUJOURD'HUI\n  \u2192 Dayyan (non_qualifie_referral) \u2014 DM Wally Invest (@wallinvest?) \u2014 r\u00e9f\u00e9ral de Dayyan, potentiel SaaS CloseGuard\n  \u2192 L\u00e9ni Constantin (interested_follow_up) \u2014 Relance dans 2-3 semaines \u2014 attendre qu'il ait plus de clients avec son infopreneur\n\n\u26a1 Streak No PMO : 0 \u2014 aujourd'hui \u00e7a recommence.\n\n\ud83d\udccb T\u00c2CHES \u2014 \u00c9CH\u00c9ANCES PROCHES\n  \u2192 Faire la demande pour r\u00e9cup\u00e9rer le permis de conduire \u2014 \u26a0 En retard de 79 jour(s) !\n  \u2192 Refaire un nouveau passeport \u2014 \u26a0 En retard de 53 jour(s) !\n  \u2192 Acheter un tr\u00e9pied pour Fares avant de quitter KL \u2014 \u26a0 En retard de 49 jour(s) !\n  \u2192 Tourner la vid\u00e9o de prospection (Airbnb, vue Petronas, le soir) \u2014 \u26a0 En retard de 50 jour(s) !\n\n\n\ud83d\ude34 Question sommeil : \u00c0 quelle heure t'es couch\u00e9 hier soir ?\n(R\u00e9ponds directement ici, ex: \"2h30\")\n\n\u2014 JARVIS","entities":[{"offset":2,"length":39,"type":"bold"},{"offset":75,"length":21,"type":"bold"},{"offset":314,"length":20,"type":"bold"},{"offset":389,"length":11,"type":"mention"},{"offset":633,"length":26,"type":"bold"},{"offset":998,"length":18,"type":"bold"}]}}
⚡ <b>JARVIS MORNING BRIEF — Lundi 24 août</b>

⚪ Pas de données pour hier.

🎯 <b>PRIORITÉS AUJOURD'HUI</b>
  1. 2 DMs outreach de qualité — commence maintenant.
  2. Bloc deep work 3h minimum — ferme les notifs, pas de réseaux avant 18h.
  3. Delivery Didier — avance sur la vidéo pre-call ou les stories cette semaine.

📞 <b>RELANCES AUJOURD'HUI</b>
  → Dayyan (non_qualifie_referral) — DM Wally Invest (@wallinvest?) — référal de Dayyan, potentiel SaaS CloseGuard
  → Léni Constantin (interested_follow_up) — Relance dans 2-3 semaines — attendre qu'il ait plus de clients avec son infopreneur

⚡ Streak No PMO : 0 — aujourd'hui ça recommence.

📋 <b>TÂCHES — ÉCHÉANCES PROCHES</b>
  → Faire la demande pour récupérer le permis de conduire — ⚠ En retard de 80 jour(s) !
  → Refaire un nouveau passeport — ⚠ En retard de 54 jour(s) !
  → Acheter un trépied pour Fares avant de quitter KL — ⚠ En retard de 50 jour(s) !
  → Tourner la vidéo de prospection (Airbnb, vue Petronas, le soir) — ⚠ En retard de 51 jour(s) !


😴 <b>Question sommeil :</b> À quelle heure t'es couché hier soir ?
(Réponds directement ici, ex: "2h30")

— JARVIS

--- Sending to Telegram ---
{"ok":true,"result":{"message_id":2861,"from":{"id":8997450587,"is_bot":true,"first_name":"Jarvis","username":"shayan_claude_bot"},"chat":{"id":5351269136,"first_name":"Drkflow","username":"drkfloww","type":"private"},"date":1787542202,"text":"\u26a1 JARVIS MORNING BRIEF \u2014 Lundi 24 ao\u00fbt\n\n\u26aa Pas de donn\u00e9es pour hier.\n\n\ud83c\udfaf PRIORIT\u00c9S AUJOURD'HUI\n  1. 2 DMs outreach de qualit\u00e9 \u2014 commence maintenant.\n  2. Bloc deep work 3h minimum \u2014 ferme les notifs, pas de r\u00e9seaux avant 18h.\n  3. Delivery Didier \u2014 avance sur la vid\u00e9o pre-call ou les stories cette semaine.\n\n\ud83d\udcde RELANCES AUJOURD'HUI\n  \u2192 Dayyan (non_qualifie_referral) \u2014 DM Wally Invest (@wallinvest?) \u2014 r\u00e9f\u00e9ral de Dayyan, potentiel SaaS CloseGuard\n  \u2192 L\u00e9ni Constantin (interested_follow_up) \u2014 Relance dans 2-3 semaines \u2014 attendre qu'il ait plus de clients avec son infopreneur\n\n\u26a1 Streak No PMO : 0 \u2014 aujourd'hui \u00e7a recommence.\n\n\ud83d\udccb T\u00c2CHES \u2014 \u00c9CH\u00c9ANCES PROCHES\n  \u2192 Faire la demande pour r\u00e9cup\u00e9rer le permis de conduire \u2014 \u26a0 En retard de 80 jour(s) !\n  \u2192 Refaire un nouveau passeport \u2014 \u26a0 En retard de 54 jour(s) !\n  \u2192 Acheter un tr\u00e9pied pour Fares avant de quitter KL \u2014 \u26a0 En retard de 50 jour(s) !\n  \u2192 Tourner la vid\u00e9o de prospection (Airbnb, vue Petronas, le soir) \u2014 \u26a0 En retard de 51 jour(s) !\n\n\n\ud83d\ude34 Question sommeil : \u00c0 quelle heure t'es couch\u00e9 hier soir ?\n(R\u00e9ponds directement ici, ex: \"2h30\")\n\n\u2014 JARVIS","entities":[{"offset":2,"length":36,"type":"bold"},{"offset":72,"length":21,"type":"bold"},{"offset":311,"length":20,"type":"bold"},{"offset":386,"length":11,"type":"mention"},{"offset":630,"length":26,"type":"bold"},{"offset":995,"length":18,"type":"bold"}]}}
⚡ <b>JARVIS MORNING BRIEF — Mardi 25 août</b>

⚪ Pas de données pour hier.

🎯 <b>PRIORITÉS AUJOURD'HUI</b>
  1. 2 DMs outreach de qualité — commence maintenant.
  2. Bloc deep work 3h minimum — ferme les notifs, pas de réseaux avant 18h.
  3. Delivery Didier — avance sur la vidéo pre-call ou les stories cette semaine.

📞 <b>RELANCES AUJOURD'HUI</b>
  → Dayyan (non_qualifie_referral) — DM Wally Invest (@wallinvest?) — référal de Dayyan, potentiel SaaS CloseGuard
  → Léni Constantin (interested_follow_up) — Relance dans 2-3 semaines — attendre qu'il ait plus de clients avec son infopreneur

⚡ Streak No PMO : 0 — aujourd'hui ça recommence.

📋 <b>TÂCHES — ÉCHÉANCES PROCHES</b>
  → Faire la demande pour récupérer le permis de conduire — ⚠ En retard de 81 jour(s) !
  → Refaire un nouveau passeport — ⚠ En retard de 55 jour(s) !
  → Acheter un trépied pour Fares avant de quitter KL — ⚠ En retard de 51 jour(s) !
  → Tourner la vidéo de prospection (Airbnb, vue Petronas, le soir) — ⚠ En retard de 52 jour(s) !


😴 <b>Question sommeil :</b> À quelle heure t'es couché hier soir ?
(Réponds directement ici, ex: "2h30")

— JARVIS

--- Sending to Telegram ---
{"ok":true,"result":{"message_id":2866,"from":{"id":8997450587,"is_bot":true,"first_name":"Jarvis","username":"shayan_claude_bot"},"chat":{"id":5351269136,"first_name":"Drkflow","username":"drkfloww","type":"private"},"date":1787632997,"text":"\u26a1 JARVIS MORNING BRIEF \u2014 Mardi 25 ao\u00fbt\n\n\u26aa Pas de donn\u00e9es pour hier.\n\n\ud83c\udfaf PRIORIT\u00c9S AUJOURD'HUI\n  1. 2 DMs outreach de qualit\u00e9 \u2014 commence maintenant.\n  2. Bloc deep work 3h minimum \u2014 ferme les notifs, pas de r\u00e9seaux avant 18h.\n  3. Delivery Didier \u2014 avance sur la vid\u00e9o pre-call ou les stories cette semaine.\n\n\ud83d\udcde RELANCES AUJOURD'HUI\n  \u2192 Dayyan (non_qualifie_referral) \u2014 DM Wally Invest (@wallinvest?) \u2014 r\u00e9f\u00e9ral de Dayyan, potentiel SaaS CloseGuard\n  \u2192 L\u00e9ni Constantin (interested_follow_up) \u2014 Relance dans 2-3 semaines \u2014 attendre qu'il ait plus de clients avec son infopreneur\n\n\u26a1 Streak No PMO : 0 \u2014 aujourd'hui \u00e7a recommence.\n\n\ud83d\udccb T\u00c2CHES \u2014 \u00c9CH\u00c9ANCES PROCHES\n  \u2192 Faire la demande pour r\u00e9cup\u00e9rer le permis de conduire \u2014 \u26a0 En retard de 81 jour(s) !\n  \u2192 Refaire un nouveau passeport \u2014 \u26a0 En retard de 55 jour(s) !\n  \u2192 Acheter un tr\u00e9pied pour Fares avant de quitter KL \u2014 \u26a0 En retard de 51 jour(s) !\n  \u2192 Tourner la vid\u00e9o de prospection (Airbnb, vue Petronas, le soir) \u2014 \u26a0 En retard de 52 jour(s) !\n\n\n\ud83d\ude34 Question sommeil : \u00c0 quelle heure t'es couch\u00e9 hier soir ?\n(R\u00e9ponds directement ici, ex: \"2h30\")\n\n\u2014 JARVIS","entities":[{"offset":2,"length":36,"type":"bold"},{"offset":72,"length":21,"type":"bold"},{"offset":311,"length":20,"type":"bold"},{"offset":386,"length":11,"type":"mention"},{"offset":630,"length":26,"type":"bold"},{"offset":995,"length":18,"type":"bold"}]}}
⚡ <b>JARVIS MORNING BRIEF — Mercredi 26 août</b>

⚪ Pas de données pour hier.

🎯 <b>PRIORITÉS AUJOURD'HUI</b>
  1. 2 DMs outreach de qualité — commence maintenant.
  2. Bloc deep work 3h minimum — ferme les notifs, pas de réseaux avant 18h.
  3. Delivery Didier — avance sur la vidéo pre-call ou les stories cette semaine.

📞 <b>RELANCES AUJOURD'HUI</b>
  → Dayyan (non_qualifie_referral) — DM Wally Invest (@wallinvest?) — référal de Dayyan, potentiel SaaS CloseGuard
  → Léni Constantin (interested_follow_up) — Relance dans 2-3 semaines — attendre qu'il ait plus de clients avec son infopreneur

⚡ Streak No PMO : 0 — aujourd'hui ça recommence.

📋 <b>TÂCHES — ÉCHÉANCES PROCHES</b>
  → Faire la demande pour récupérer le permis de conduire — ⚠ En retard de 82 jour(s) !
  → Refaire un nouveau passeport — ⚠ En retard de 56 jour(s) !
  → Acheter un trépied pour Fares avant de quitter KL — ⚠ En retard de 52 jour(s) !
  → Tourner la vidéo de prospection (Airbnb, vue Petronas, le soir) — ⚠ En retard de 53 jour(s) !


😴 <b>Question sommeil :</b> À quelle heure t'es couché hier soir ?
(Réponds directement ici, ex: "2h30")

— JARVIS

--- Sending to Telegram ---
{"ok":true,"result":{"message_id":2869,"from":{"id":8997450587,"is_bot":true,"first_name":"Jarvis","username":"shayan_claude_bot"},"chat":{"id":5351269136,"first_name":"Drkflow","username":"drkfloww","type":"private"},"date":1787718704,"text":"\u26a1 JARVIS MORNING BRIEF \u2014 Mercredi 26 ao\u00fbt\n\n\u26aa Pas de donn\u00e9es pour hier.\n\n\ud83c\udfaf PRIORIT\u00c9S AUJOURD'HUI\n  1. 2 DMs outreach de qualit\u00e9 \u2014 commence maintenant.\n  2. Bloc deep work 3h minimum \u2014 ferme les notifs, pas de r\u00e9seaux avant 18h.\n  3. Delivery Didier \u2014 avance sur la vid\u00e9o pre-call ou les stories cette semaine.\n\n\ud83d\udcde RELANCES AUJOURD'HUI\n  \u2192 Dayyan (non_qualifie_referral) \u2014 DM Wally Invest (@wallinvest?) \u2014 r\u00e9f\u00e9ral de Dayyan, potentiel SaaS CloseGuard\n  \u2192 L\u00e9ni Constantin (interested_follow_up) \u2014 Relance dans 2-3 semaines \u2014 attendre qu'il ait plus de clients avec son infopreneur\n\n\u26a1 Streak No PMO : 0 \u2014 aujourd'hui \u00e7a recommence.\n\n\ud83d\udccb T\u00c2CHES \u2014 \u00c9CH\u00c9ANCES PROCHES\n  \u2192 Faire la demande pour r\u00e9cup\u00e9rer le permis de conduire \u2014 \u26a0 En retard de 82 jour(s) !\n  \u2192 Refaire un nouveau passeport \u2014 \u26a0 En retard de 56 jour(s) !\n  \u2192 Acheter un tr\u00e9pied pour Fares avant de quitter KL \u2014 \u26a0 En retard de 52 jour(s) !\n  \u2192 Tourner la vid\u00e9o de prospection (Airbnb, vue Petronas, le soir) \u2014 \u26a0 En retard de 53 jour(s) !\n\n\n\ud83d\ude34 Question sommeil : \u00c0 quelle heure t'es couch\u00e9 hier soir ?\n(R\u00e9ponds directement ici, ex: \"2h30\")\n\n\u2014 JARVIS","entities":[{"offset":2,"length":39,"type":"bold"},{"offset":75,"length":21,"type":"bold"},{"offset":314,"length":20,"type":"bold"},{"offset":389,"length":11,"type":"mention"},{"offset":633,"length":26,"type":"bold"},{"offset":998,"length":18,"type":"bold"}]}}
⚡ <b>JARVIS MORNING BRIEF — Jeudi 27 août</b>

⚪ Pas de données pour hier.

🎯 <b>PRIORITÉS AUJOURD'HUI</b>
  1. 2 DMs outreach de qualité — commence maintenant.
  2. Bloc deep work 3h minimum — ferme les notifs, pas de réseaux avant 18h.
  3. Delivery Didier — avance sur la vidéo pre-call ou les stories cette semaine.

📞 <b>RELANCES AUJOURD'HUI</b>
  → Dayyan (non_qualifie_referral) — DM Wally Invest (@wallinvest?) — référal de Dayyan, potentiel SaaS CloseGuard
  → Léni Constantin (interested_follow_up) — Relance dans 2-3 semaines — attendre qu'il ait plus de clients avec son infopreneur

⚡ Streak No PMO : 0 — aujourd'hui ça recommence.

📋 <b>TÂCHES — ÉCHÉANCES PROCHES</b>
  → Faire la demande pour récupérer le permis de conduire — ⚠ En retard de 83 jour(s) !
  → Refaire un nouveau passeport — ⚠ En retard de 57 jour(s) !
  → Acheter un trépied pour Fares avant de quitter KL — ⚠ En retard de 53 jour(s) !
  → Tourner la vidéo de prospection (Airbnb, vue Petronas, le soir) — ⚠ En retard de 54 jour(s) !


😴 <b>Question sommeil :</b> À quelle heure t'es couché hier soir ?
(Réponds directement ici, ex: "2h30")

— JARVIS

--- Sending to Telegram ---
{"ok":true,"result":{"message_id":2871,"from":{"id":8997450587,"is_bot":true,"first_name":"Jarvis","username":"shayan_claude_bot"},"chat":{"id":5351269136,"first_name":"Drkflow","username":"drkfloww","type":"private"},"date":1787805563,"text":"\u26a1 JARVIS MORNING BRIEF \u2014 Jeudi 27 ao\u00fbt\n\n\u26aa Pas de donn\u00e9es pour hier.\n\n\ud83c\udfaf PRIORIT\u00c9S AUJOURD'HUI\n  1. 2 DMs outreach de qualit\u00e9 \u2014 commence maintenant.\n  2. Bloc deep work 3h minimum \u2014 ferme les notifs, pas de r\u00e9seaux avant 18h.\n  3. Delivery Didier \u2014 avance sur la vid\u00e9o pre-call ou les stories cette semaine.\n\n\ud83d\udcde RELANCES AUJOURD'HUI\n  \u2192 Dayyan (non_qualifie_referral) \u2014 DM Wally Invest (@wallinvest?) \u2014 r\u00e9f\u00e9ral de Dayyan, potentiel SaaS CloseGuard\n  \u2192 L\u00e9ni Constantin (interested_follow_up) \u2014 Relance dans 2-3 semaines \u2014 attendre qu'il ait plus de clients avec son infopreneur\n\n\u26a1 Streak No PMO : 0 \u2014 aujourd'hui \u00e7a recommence.\n\n\ud83d\udccb T\u00c2CHES \u2014 \u00c9CH\u00c9ANCES PROCHES\n  \u2192 Faire la demande pour r\u00e9cup\u00e9rer le permis de conduire \u2014 \u26a0 En retard de 83 jour(s) !\n  \u2192 Refaire un nouveau passeport \u2014 \u26a0 En retard de 57 jour(s) !\n  \u2192 Acheter un tr\u00e9pied pour Fares avant de quitter KL \u2014 \u26a0 En retard de 53 jour(s) !\n  \u2192 Tourner la vid\u00e9o de prospection (Airbnb, vue Petronas, le soir) \u2014 \u26a0 En retard de 54 jour(s) !\n\n\n\ud83d\ude34 Question sommeil : \u00c0 quelle heure t'es couch\u00e9 hier soir ?\n(R\u00e9ponds directement ici, ex: \"2h30\")\n\n\u2014 JARVIS","entities":[{"offset":2,"length":36,"type":"bold"},{"offset":72,"length":21,"type":"bold"},{"offset":311,"length":20,"type":"bold"},{"offset":386,"length":11,"type":"mention"},{"offset":630,"length":26,"type":"bold"},{"offset":995,"length":18,"type":"bold"}]}}
⚡ <b>JARVIS MORNING BRIEF — Vendredi 28 août</b>

⚪ Pas de données pour hier.

🎯 <b>PRIORITÉS AUJOURD'HUI</b>
  1. 2 DMs outreach de qualité — commence maintenant.
  2. Bloc deep work 3h minimum — ferme les notifs, pas de réseaux avant 18h.
  3. Delivery Didier — avance sur la vidéo pre-call ou les stories cette semaine.

📞 <b>RELANCES AUJOURD'HUI</b>
  → Dayyan (non_qualifie_referral) — DM Wally Invest (@wallinvest?) — référal de Dayyan, potentiel SaaS CloseGuard
  → Léni Constantin (interested_follow_up) — Relance dans 2-3 semaines — attendre qu'il ait plus de clients avec son infopreneur

⚡ Streak No PMO : 0 — aujourd'hui ça recommence.

📋 <b>TÂCHES — ÉCHÉANCES PROCHES</b>
  → Faire la demande pour récupérer le permis de conduire — ⚠ En retard de 84 jour(s) !
  → Refaire un nouveau passeport — ⚠ En retard de 58 jour(s) !
  → Acheter un trépied pour Fares avant de quitter KL — ⚠ En retard de 54 jour(s) !
  → Tourner la vidéo de prospection (Airbnb, vue Petronas, le soir) — ⚠ En retard de 55 jour(s) !


😴 <b>Question sommeil :</b> À quelle heure t'es couché hier soir ?
(Réponds directement ici, ex: "2h30")

— JARVIS

--- Sending to Telegram ---
{"ok":true,"result":{"message_id":2881,"from":{"id":8997450587,"is_bot":true,"first_name":"Jarvis","username":"shayan_claude_bot"},"chat":{"id":5351269136,"first_name":"Drkflow","username":"drkfloww","type":"private"},"date":1787892254,"text":"\u26a1 JARVIS MORNING BRIEF \u2014 Vendredi 28 ao\u00fbt\n\n\u26aa Pas de donn\u00e9es pour hier.\n\n\ud83c\udfaf PRIORIT\u00c9S AUJOURD'HUI\n  1. 2 DMs outreach de qualit\u00e9 \u2014 commence maintenant.\n  2. Bloc deep work 3h minimum \u2014 ferme les notifs, pas de r\u00e9seaux avant 18h.\n  3. Delivery Didier \u2014 avance sur la vid\u00e9o pre-call ou les stories cette semaine.\n\n\ud83d\udcde RELANCES AUJOURD'HUI\n  \u2192 Dayyan (non_qualifie_referral) \u2014 DM Wally Invest (@wallinvest?) \u2014 r\u00e9f\u00e9ral de Dayyan, potentiel SaaS CloseGuard\n  \u2192 L\u00e9ni Constantin (interested_follow_up) \u2014 Relance dans 2-3 semaines \u2014 attendre qu'il ait plus de clients avec son infopreneur\n\n\u26a1 Streak No PMO : 0 \u2014 aujourd'hui \u00e7a recommence.\n\n\ud83d\udccb T\u00c2CHES \u2014 \u00c9CH\u00c9ANCES PROCHES\n  \u2192 Faire la demande pour r\u00e9cup\u00e9rer le permis de conduire \u2014 \u26a0 En retard de 84 jour(s) !\n  \u2192 Refaire un nouveau passeport \u2014 \u26a0 En retard de 58 jour(s) !\n  \u2192 Acheter un tr\u00e9pied pour Fares avant de quitter KL \u2014 \u26a0 En retard de 54 jour(s) !\n  \u2192 Tourner la vid\u00e9o de prospection (Airbnb, vue Petronas, le soir) \u2014 \u26a0 En retard de 55 jour(s) !\n\n\n\ud83d\ude34 Question sommeil : \u00c0 quelle heure t'es couch\u00e9 hier soir ?\n(R\u00e9ponds directement ici, ex: \"2h30\")\n\n\u2014 JARVIS","entities":[{"offset":2,"length":39,"type":"bold"},{"offset":75,"length":21,"type":"bold"},{"offset":314,"length":20,"type":"bold"},{"offset":389,"length":11,"type":"mention"},{"offset":633,"length":26,"type":"bold"},{"offset":998,"length":18,"type":"bold"}]}}
⚡ <b>JARVIS MORNING BRIEF — Samedi 29 août</b>

⚪ Pas de données pour hier.

🎯 <b>PRIORITÉS AUJOURD'HUI</b>
  1. 2 DMs outreach de qualité — commence maintenant.
  2. Bloc deep work 3h minimum — ferme les notifs, pas de réseaux avant 18h.
  3. Delivery Didier — avance sur la vidéo pre-call ou les stories cette semaine.

📞 <b>RELANCES AUJOURD'HUI</b>
  → Dayyan (non_qualifie_referral) — DM Wally Invest (@wallinvest?) — référal de Dayyan, potentiel SaaS CloseGuard
  → Léni Constantin (interested_follow_up) — Relance dans 2-3 semaines — attendre qu'il ait plus de clients avec son infopreneur

⚡ Streak No PMO : 0 — aujourd'hui ça recommence.

📋 <b>TÂCHES — ÉCHÉANCES PROCHES</b>
  → Faire la demande pour récupérer le permis de conduire — ⚠ En retard de 85 jour(s) !
  → Refaire un nouveau passeport — ⚠ En retard de 59 jour(s) !
  → Acheter un trépied pour Fares avant de quitter KL — ⚠ En retard de 55 jour(s) !
  → Tourner la vidéo de prospection (Airbnb, vue Petronas, le soir) — ⚠ En retard de 56 jour(s) !


😴 <b>Question sommeil :</b> À quelle heure t'es couché hier soir ?
(Réponds directement ici, ex: "2h30")

— JARVIS

--- Sending to Telegram ---
{"ok":true,"result":{"message_id":2885,"from":{"id":8997450587,"is_bot":true,"first_name":"Jarvis","username":"shayan_claude_bot"},"chat":{"id":5351269136,"first_name":"Drkflow","username":"drkfloww","type":"private"},"date":1787977802,"text":"\u26a1 JARVIS MORNING BRIEF \u2014 Samedi 29 ao\u00fbt\n\n\u26aa Pas de donn\u00e9es pour hier.\n\n\ud83c\udfaf PRIORIT\u00c9S AUJOURD'HUI\n  1. 2 DMs outreach de qualit\u00e9 \u2014 commence maintenant.\n  2. Bloc deep work 3h minimum \u2014 ferme les notifs, pas de r\u00e9seaux avant 18h.\n  3. Delivery Didier \u2014 avance sur la vid\u00e9o pre-call ou les stories cette semaine.\n\n\ud83d\udcde RELANCES AUJOURD'HUI\n  \u2192 Dayyan (non_qualifie_referral) \u2014 DM Wally Invest (@wallinvest?) \u2014 r\u00e9f\u00e9ral de Dayyan, potentiel SaaS CloseGuard\n  \u2192 L\u00e9ni Constantin (interested_follow_up) \u2014 Relance dans 2-3 semaines \u2014 attendre qu'il ait plus de clients avec son infopreneur\n\n\u26a1 Streak No PMO : 0 \u2014 aujourd'hui \u00e7a recommence.\n\n\ud83d\udccb T\u00c2CHES \u2014 \u00c9CH\u00c9ANCES PROCHES\n  \u2192 Faire la demande pour r\u00e9cup\u00e9rer le permis de conduire \u2014 \u26a0 En retard de 85 jour(s) !\n  \u2192 Refaire un nouveau passeport \u2014 \u26a0 En retard de 59 jour(s) !\n  \u2192 Acheter un tr\u00e9pied pour Fares avant de quitter KL \u2014 \u26a0 En retard de 55 jour(s) !\n  \u2192 Tourner la vid\u00e9o de prospection (Airbnb, vue Petronas, le soir) \u2014 \u26a0 En retard de 56 jour(s) !\n\n\n\ud83d\ude34 Question sommeil : \u00c0 quelle heure t'es couch\u00e9 hier soir ?\n(R\u00e9ponds directement ici, ex: \"2h30\")\n\n\u2014 JARVIS","entities":[{"offset":2,"length":37,"type":"bold"},{"offset":73,"length":21,"type":"bold"},{"offset":312,"length":20,"type":"bold"},{"offset":387,"length":11,"type":"mention"},{"offset":631,"length":26,"type":"bold"},{"offset":996,"length":18,"type":"bold"}]}}
⚡ <b>JARVIS MORNING BRIEF — Dimanche 30 août</b>

⚪ Pas de données pour hier.

🎯 <b>PRIORITÉS AUJOURD'HUI</b>
  1. 2 DMs outreach de qualité — commence maintenant.
  2. Bloc deep work 3h minimum — ferme les notifs, pas de réseaux avant 18h.
  3. Delivery Didier — avance sur la vidéo pre-call ou les stories cette semaine.

📞 <b>RELANCES AUJOURD'HUI</b>
  → Dayyan (non_qualifie_referral) — DM Wally Invest (@wallinvest?) — référal de Dayyan, potentiel SaaS CloseGuard
  → Léni Constantin (interested_follow_up) — Relance dans 2-3 semaines — attendre qu'il ait plus de clients avec son infopreneur

⚡ Streak No PMO : 0 — aujourd'hui ça recommence.

📋 <b>TÂCHES — ÉCHÉANCES PROCHES</b>
  → Faire la demande pour récupérer le permis de conduire — ⚠ En retard de 86 jour(s) !
  → Refaire un nouveau passeport — ⚠ En retard de 60 jour(s) !
  → Acheter un trépied pour Fares avant de quitter KL — ⚠ En retard de 56 jour(s) !
  → Tourner la vidéo de prospection (Airbnb, vue Petronas, le soir) — ⚠ En retard de 57 jour(s) !


😴 <b>Question sommeil :</b> À quelle heure t'es couché hier soir ?
(Réponds directement ici, ex: "2h30")

— JARVIS

--- Sending to Telegram ---
{"ok":true,"result":{"message_id":2887,"from":{"id":8997450587,"is_bot":true,"first_name":"Jarvis","username":"shayan_claude_bot"},"chat":{"id":5351269136,"first_name":"Drkflow","username":"drkfloww","type":"private"},"date":1788064210,"text":"\u26a1 JARVIS MORNING BRIEF \u2014 Dimanche 30 ao\u00fbt\n\n\u26aa Pas de donn\u00e9es pour hier.\n\n\ud83c\udfaf PRIORIT\u00c9S AUJOURD'HUI\n  1. 2 DMs outreach de qualit\u00e9 \u2014 commence maintenant.\n  2. Bloc deep work 3h minimum \u2014 ferme les notifs, pas de r\u00e9seaux avant 18h.\n  3. Delivery Didier \u2014 avance sur la vid\u00e9o pre-call ou les stories cette semaine.\n\n\ud83d\udcde RELANCES AUJOURD'HUI\n  \u2192 Dayyan (non_qualifie_referral) \u2014 DM Wally Invest (@wallinvest?) \u2014 r\u00e9f\u00e9ral de Dayyan, potentiel SaaS CloseGuard\n  \u2192 L\u00e9ni Constantin (interested_follow_up) \u2014 Relance dans 2-3 semaines \u2014 attendre qu'il ait plus de clients avec son infopreneur\n\n\u26a1 Streak No PMO : 0 \u2014 aujourd'hui \u00e7a recommence.\n\n\ud83d\udccb T\u00c2CHES \u2014 \u00c9CH\u00c9ANCES PROCHES\n  \u2192 Faire la demande pour r\u00e9cup\u00e9rer le permis de conduire \u2014 \u26a0 En retard de 86 jour(s) !\n  \u2192 Refaire un nouveau passeport \u2014 \u26a0 En retard de 60 jour(s) !\n  \u2192 Acheter un tr\u00e9pied pour Fares avant de quitter KL \u2014 \u26a0 En retard de 56 jour(s) !\n  \u2192 Tourner la vid\u00e9o de prospection (Airbnb, vue Petronas, le soir) \u2014 \u26a0 En retard de 57 jour(s) !\n\n\n\ud83d\ude34 Question sommeil : \u00c0 quelle heure t'es couch\u00e9 hier soir ?\n(R\u00e9ponds directement ici, ex: \"2h30\")\n\n\u2014 JARVIS","entities":[{"offset":2,"length":39,"type":"bold"},{"offset":75,"length":21,"type":"bold"},{"offset":314,"length":20,"type":"bold"},{"offset":389,"length":11,"type":"mention"},{"offset":633,"length":26,"type":"bold"},{"offset":998,"length":18,"type":"bold"}]}}
⚡ <b>JARVIS MORNING BRIEF — Lundi 31 août</b>

⚪ Pas de données pour hier.

🎯 <b>PRIORITÉS AUJOURD'HUI</b>
  1. 2 DMs outreach de qualité — commence maintenant.
  2. Bloc deep work 3h minimum — ferme les notifs, pas de réseaux avant 18h.
  3. Delivery Didier — avance sur la vidéo pre-call ou les stories cette semaine.

📞 <b>RELANCES AUJOURD'HUI</b>
  → Dayyan (non_qualifie_referral) — DM Wally Invest (@wallinvest?) — référal de Dayyan, potentiel SaaS CloseGuard
  → Léni Constantin (interested_follow_up) — Relance dans 2-3 semaines — attendre qu'il ait plus de clients avec son infopreneur

⚡ Streak No PMO : 0 — aujourd'hui ça recommence.

📋 <b>TÂCHES — ÉCHÉANCES PROCHES</b>
  → Faire la demande pour récupérer le permis de conduire — ⚠ En retard de 87 jour(s) !
  → Refaire un nouveau passeport — ⚠ En retard de 61 jour(s) !
  → Acheter un trépied pour Fares avant de quitter KL — ⚠ En retard de 57 jour(s) !
  → Tourner la vidéo de prospection (Airbnb, vue Petronas, le soir) — ⚠ En retard de 58 jour(s) !


😴 <b>Question sommeil :</b> À quelle heure t'es couché hier soir ?
(Réponds directement ici, ex: "2h30")

— JARVIS

--- Sending to Telegram ---
{"ok":true,"result":{"message_id":2890,"from":{"id":8997450587,"is_bot":true,"first_name":"Jarvis","username":"shayan_claude_bot"},"chat":{"id":5351269136,"first_name":"Drkflow","username":"drkfloww","type":"private"},"date":1788150605,"text":"\u26a1 JARVIS MORNING BRIEF \u2014 Lundi 31 ao\u00fbt\n\n\u26aa Pas de donn\u00e9es pour hier.\n\n\ud83c\udfaf PRIORIT\u00c9S AUJOURD'HUI\n  1. 2 DMs outreach de qualit\u00e9 \u2014 commence maintenant.\n  2. Bloc deep work 3h minimum \u2014 ferme les notifs, pas de r\u00e9seaux avant 18h.\n  3. Delivery Didier \u2014 avance sur la vid\u00e9o pre-call ou les stories cette semaine.\n\n\ud83d\udcde RELANCES AUJOURD'HUI\n  \u2192 Dayyan (non_qualifie_referral) \u2014 DM Wally Invest (@wallinvest?) \u2014 r\u00e9f\u00e9ral de Dayyan, potentiel SaaS CloseGuard\n  \u2192 L\u00e9ni Constantin (interested_follow_up) \u2014 Relance dans 2-3 semaines \u2014 attendre qu'il ait plus de clients avec son infopreneur\n\n\u26a1 Streak No PMO : 0 \u2014 aujourd'hui \u00e7a recommence.\n\n\ud83d\udccb T\u00c2CHES \u2014 \u00c9CH\u00c9ANCES PROCHES\n  \u2192 Faire la demande pour r\u00e9cup\u00e9rer le permis de conduire \u2014 \u26a0 En retard de 87 jour(s) !\n  \u2192 Refaire un nouveau passeport \u2014 \u26a0 En retard de 61 jour(s) !\n  \u2192 Acheter un tr\u00e9pied pour Fares avant de quitter KL \u2014 \u26a0 En retard de 57 jour(s) !\n  \u2192 Tourner la vid\u00e9o de prospection (Airbnb, vue Petronas, le soir) \u2014 \u26a0 En retard de 58 jour(s) !\n\n\n\ud83d\ude34 Question sommeil : \u00c0 quelle heure t'es couch\u00e9 hier soir ?\n(R\u00e9ponds directement ici, ex: \"2h30\")\n\n\u2014 JARVIS","entities":[{"offset":2,"length":36,"type":"bold"},{"offset":72,"length":21,"type":"bold"},{"offset":311,"length":20,"type":"bold"},{"offset":386,"length":11,"type":"mention"},{"offset":630,"length":26,"type":"bold"},{"offset":995,"length":18,"type":"bold"}]}}
⚡ <b>JARVIS MORNING BRIEF — Mardi 01 septembre</b>

⚪ Pas de données pour hier.

🎯 <b>PRIORITÉS AUJOURD'HUI</b>
  1. 2 DMs outreach de qualité — commence maintenant.
  2. Bloc deep work 3h minimum — ferme les notifs, pas de réseaux avant 18h.
  3. Delivery Didier — avance sur la vidéo pre-call ou les stories cette semaine.

📞 <b>RELANCES AUJOURD'HUI</b>
  → Dayyan (non_qualifie_referral) — DM Wally Invest (@wallinvest?) — référal de Dayyan, potentiel SaaS CloseGuard
  → Léni Constantin (interested_follow_up) — Relance dans 2-3 semaines — attendre qu'il ait plus de clients avec son infopreneur

⚡ Streak No PMO : 0 — aujourd'hui ça recommence.

📋 <b>TÂCHES — ÉCHÉANCES PROCHES</b>
  → Faire la demande pour récupérer le permis de conduire — ⚠ En retard de 88 jour(s) !
  → Refaire un nouveau passeport — ⚠ En retard de 62 jour(s) !
  → Acheter un trépied pour Fares avant de quitter KL — ⚠ En retard de 58 jour(s) !
  → Tourner la vidéo de prospection (Airbnb, vue Petronas, le soir) — ⚠ En retard de 59 jour(s) !


😴 <b>Question sommeil :</b> À quelle heure t'es couché hier soir ?
(Réponds directement ici, ex: "2h30")

— JARVIS

--- Sending to Telegram ---
{"ok":true,"result":{"message_id":2894,"from":{"id":8997450587,"is_bot":true,"first_name":"Jarvis","username":"shayan_claude_bot"},"chat":{"id":5351269136,"first_name":"Drkflow","username":"drkfloww","type":"private"},"date":1788237006,"text":"\u26a1 JARVIS MORNING BRIEF \u2014 Mardi 01 septembre\n\n\u26aa Pas de donn\u00e9es pour hier.\n\n\ud83c\udfaf PRIORIT\u00c9S AUJOURD'HUI\n  1. 2 DMs outreach de qualit\u00e9 \u2014 commence maintenant.\n  2. Bloc deep work 3h minimum \u2014 ferme les notifs, pas de r\u00e9seaux avant 18h.\n  3. Delivery Didier \u2014 avance sur la vid\u00e9o pre-call ou les stories cette semaine.\n\n\ud83d\udcde RELANCES AUJOURD'HUI\n  \u2192 Dayyan (non_qualifie_referral) \u2014 DM Wally Invest (@wallinvest?) \u2014 r\u00e9f\u00e9ral de Dayyan, potentiel SaaS CloseGuard\n  \u2192 L\u00e9ni Constantin (interested_follow_up) \u2014 Relance dans 2-3 semaines \u2014 attendre qu'il ait plus de clients avec son infopreneur\n\n\u26a1 Streak No PMO : 0 \u2014 aujourd'hui \u00e7a recommence.\n\n\ud83d\udccb T\u00c2CHES \u2014 \u00c9CH\u00c9ANCES PROCHES\n  \u2192 Faire la demande pour r\u00e9cup\u00e9rer le permis de conduire \u2014 \u26a0 En retard de 88 jour(s) !\n  \u2192 Refaire un nouveau passeport \u2014 \u26a0 En retard de 62 jour(s) !\n  \u2192 Acheter un tr\u00e9pied pour Fares avant de quitter KL \u2014 \u26a0 En retard de 58 jour(s) !\n  \u2192 Tourner la vid\u00e9o de prospection (Airbnb, vue Petronas, le soir) \u2014 \u26a0 En retard de 59 jour(s) !\n\n\n\ud83d\ude34 Question sommeil : \u00c0 quelle heure t'es couch\u00e9 hier soir ?\n(R\u00e9ponds directement ici, ex: \"2h30\")\n\n\u2014 JARVIS","entities":[{"offset":2,"length":41,"type":"bold"},{"offset":77,"length":21,"type":"bold"},{"offset":316,"length":20,"type":"bold"},{"offset":391,"length":11,"type":"mention"},{"offset":635,"length":26,"type":"bold"},{"offset":1000,"length":18,"type":"bold"}]}}
⚡ <b>JARVIS MORNING BRIEF — Mercredi 02 septembre</b>

⚪ <b>Hier : 0/100 — NON RENSEIGNÉ</b>
  DMs 0/2 | Gym ✓ | Fajr ✗ | Deep work 0h | No PMO ?

🚨 <b>POINTS CRITIQUES</b>
  💬 0 DMs hier — l'outreach n'a pas été fait. C'est la priorité #1 ce matin.

🎯 <b>PRIORITÉS AUJOURD'HUI</b>
  1. 2 DMs outreach de qualité — ciblés, personnalisés, à fort levier.
  2. Bloc deep work 3h minimum — ferme les notifs, pas de réseaux avant 18h.
  3. Delivery Didier — avance sur la vidéo pre-call ou les stories cette semaine.

📞 <b>RELANCES AUJOURD'HUI</b>
  → Dayyan (non_qualifie_referral) — DM Wally Invest (@wallinvest?) — référal de Dayyan, potentiel SaaS CloseGuard
  → Léni Constantin (interested_follow_up) — Relance dans 2-3 semaines — attendre qu'il ait plus de clients avec son infopreneur

⚡ Streak No PMO : 0 — aujourd'hui ça recommence.

📋 <b>TÂCHES — ÉCHÉANCES PROCHES</b>
  → Faire la demande pour récupérer le permis de conduire — ⚠ En retard de 89 jour(s) !
  → Refaire un nouveau passeport — ⚠ En retard de 63 jour(s) !
  → Acheter un trépied pour Fares avant de quitter KL — ⚠ En retard de 59 jour(s) !
  → Tourner la vidéo de prospection (Airbnb, vue Petronas, le soir) — ⚠ En retard de 60 jour(s) !


😴 <b>Question sommeil :</b> À quelle heure t'es couché hier soir ?
(Réponds directement ici, ex: "2h30")

— JARVIS

--- Sending to Telegram ---
{"ok":true,"result":{"message_id":2929,"from":{"id":8997450587,"is_bot":true,"first_name":"Jarvis","username":"shayan_claude_bot"},"chat":{"id":5351269136,"first_name":"Drkflow","username":"drkfloww","type":"private"},"date":1788323405,"text":"\u26a1 JARVIS MORNING BRIEF \u2014 Mercredi 02 septembre\n\n\u26aa Hier : 0/100 \u2014 NON RENSEIGN\u00c9\n  DMs 0/2 | Gym \u2713 | Fajr \u2717 | Deep work 0h | No PMO ?\n\n\ud83d\udea8 POINTS CRITIQUES\n  \ud83d\udcac 0 DMs hier \u2014 l'outreach n'a pas \u00e9t\u00e9 fait. C'est la priorit\u00e9 #1 ce matin.\n\n\ud83c\udfaf PRIORIT\u00c9S AUJOURD'HUI\n  1. 2 DMs outreach de qualit\u00e9 \u2014 cibl\u00e9s, personnalis\u00e9s, \u00e0 fort levier.\n  2. Bloc deep work 3h minimum \u2014 ferme les notifs, pas de r\u00e9seaux avant 18h.\n  3. Delivery Didier \u2014 avance sur la vid\u00e9o pre-call ou les stories cette semaine.\n\n\ud83d\udcde RELANCES AUJOURD'HUI\n  \u2192 Dayyan (non_qualifie_referral) \u2014 DM Wally Invest (@wallinvest?) \u2014 r\u00e9f\u00e9ral de Dayyan, potentiel SaaS CloseGuard\n  \u2192 L\u00e9ni Constantin (interested_follow_up) \u2014 Relance dans 2-3 semaines \u2014 attendre qu'il ait plus de clients avec son infopreneur\n\n\u26a1 Streak No PMO : 0 \u2014 aujourd'hui \u00e7a recommence.\n\n\ud83d\udccb T\u00c2CHES \u2014 \u00c9CH\u00c9ANCES PROCHES\n  \u2192 Faire la demande pour r\u00e9cup\u00e9rer le permis de conduire \u2014 \u26a0 En retard de 89 jour(s) !\n  \u2192 Refaire un nouveau passeport \u2014 \u26a0 En retard de 63 jour(s) !\n  \u2192 Acheter un tr\u00e9pied pour Fares avant de quitter KL \u2014 \u26a0 En retard de 59 jour(s) !\n  \u2192 Tourner la vid\u00e9o de prospection (Airbnb, vue Petronas, le soir) \u2014 \u26a0 En retard de 60 jour(s) !\n\n\n\ud83d\ude34 Question sommeil : \u00c0 quelle heure t'es couch\u00e9 hier soir ?\n(R\u00e9ponds directement ici, ex: \"2h30\")\n\n\u2014 JARVIS","entities":[{"offset":2,"length":44,"type":"bold"},{"offset":50,"length":28,"type":"bold"},{"offset":136,"length":16,"type":"bold"},{"offset":235,"length":21,"type":"bold"},{"offset":491,"length":20,"type":"bold"},{"offset":566,"length":11,"type":"mention"},{"offset":810,"length":26,"type":"bold"},{"offset":1175,"length":18,"type":"bold"}]}}
⚡ <b>JARVIS MORNING BRIEF — Jeudi 03 septembre</b>

🔴 <b>Hier : 12.5/100 — FAIBLE</b>
  DMs 0/2 | Gym ✓ | Fajr ✗ | Deep work 0h | No PMO ?

🚨 <b>POINTS CRITIQUES</b>
  💬 0 DMs hier — l'outreach n'a pas été fait. C'est la priorité #1 ce matin.

🎯 <b>PRIORITÉS AUJOURD'HUI</b>
  1. 2 DMs outreach de qualité — ciblés, personnalisés, à fort levier.
  2. Bloc deep work 3h minimum — ferme les notifs, pas de réseaux avant 18h.
  3. Delivery Didier — avance sur la vidéo pre-call ou les stories cette semaine.

📞 <b>RELANCES AUJOURD'HUI</b>
  → Dayyan (non_qualifie_referral) — DM Wally Invest (@wallinvest?) — référal de Dayyan, potentiel SaaS CloseGuard
  → Léni Constantin (interested_follow_up) — Relance dans 2-3 semaines — attendre qu'il ait plus de clients avec son infopreneur

⚡ Streak No PMO : 0 — aujourd'hui ça recommence.

📋 <b>TÂCHES — ÉCHÉANCES PROCHES</b>
  → Faire la demande pour récupérer le permis de conduire — ⚠ En retard de 90 jour(s) !
  → Refaire un nouveau passeport — ⚠ En retard de 64 jour(s) !
  → Acheter un trépied pour Fares avant de quitter KL — ⚠ En retard de 60 jour(s) !
  → Tourner la vidéo de prospection (Airbnb, vue Petronas, le soir) — ⚠ En retard de 61 jour(s) !


😴 <b>Question sommeil :</b> À quelle heure t'es couché hier soir ?
(Réponds directement ici, ex: "2h30")

— JARVIS

--- Sending to Telegram ---
{"ok":true,"result":{"message_id":2932,"from":{"id":8997450587,"is_bot":true,"first_name":"Jarvis","username":"shayan_claude_bot"},"chat":{"id":5351269136,"first_name":"Drkflow","username":"drkfloww","type":"private"},"date":1788409806,"text":"\u26a1 JARVIS MORNING BRIEF \u2014 Jeudi 03 septembre\n\n\ud83d\udd34 Hier : 12.5/100 \u2014 FAIBLE\n  DMs 0/2 | Gym \u2713 | Fajr \u2717 | Deep work 0h | No PMO ?\n\n\ud83d\udea8 POINTS CRITIQUES\n  \ud83d\udcac 0 DMs hier \u2014 l'outreach n'a pas \u00e9t\u00e9 fait. C'est la priorit\u00e9 #1 ce matin.\n\n\ud83c\udfaf PRIORIT\u00c9S AUJOURD'HUI\n  1. 2 DMs outreach de qualit\u00e9 \u2014 cibl\u00e9s, personnalis\u00e9s, \u00e0 fort levier.\n  2. Bloc deep work 3h minimum \u2014 ferme les notifs, pas de r\u00e9seaux avant 18h.\n  3. Delivery Didier \u2014 avance sur la vid\u00e9o pre-call ou les stories cette semaine.\n\n\ud83d\udcde RELANCES AUJOURD'HUI\n  \u2192 Dayyan (non_qualifie_referral) \u2014 DM Wally Invest (@wallinvest?) \u2014 r\u00e9f\u00e9ral de Dayyan, potentiel SaaS CloseGuard\n  \u2192 L\u00e9ni Constantin (interested_follow_up) \u2014 Relance dans 2-3 semaines \u2014 attendre qu'il ait plus de clients avec son infopreneur\n\n\u26a1 Streak No PMO : 0 \u2014 aujourd'hui \u00e7a recommence.\n\n\ud83d\udccb T\u00c2CHES \u2014 \u00c9CH\u00c9ANCES PROCHES\n  \u2192 Faire la demande pour r\u00e9cup\u00e9rer le permis de conduire \u2014 \u26a0 En retard de 90 jour(s) !\n  \u2192 Refaire un nouveau passeport \u2014 \u26a0 En retard de 64 jour(s) !\n  \u2192 Acheter un tr\u00e9pied pour Fares avant de quitter KL \u2014 \u26a0 En retard de 60 jour(s) !\n  \u2192 Tourner la vid\u00e9o de prospection (Airbnb, vue Petronas, le soir) \u2014 \u26a0 En retard de 61 jour(s) !\n\n\n\ud83d\ude34 Question sommeil : \u00c0 quelle heure t'es couch\u00e9 hier soir ?\n(R\u00e9ponds directement ici, ex: \"2h30\")\n\n\u2014 JARVIS","entities":[{"offset":2,"length":41,"type":"bold"},{"offset":48,"length":24,"type":"bold"},{"offset":130,"length":16,"type":"bold"},{"offset":229,"length":21,"type":"bold"},{"offset":485,"length":20,"type":"bold"},{"offset":560,"length":11,"type":"mention"},{"offset":804,"length":26,"type":"bold"},{"offset":1169,"length":18,"type":"bold"}]}}
⚡ <b>JARVIS MORNING BRIEF — Vendredi 04 septembre</b>

🔴 <b>Hier : 12.1/100 — FAIBLE</b>
  DMs 0/2 | Gym ✓ | Fajr ✗ | Deep work 0h | No PMO ?

🚨 <b>POINTS CRITIQUES</b>
  💬 0 DMs hier — l'outreach n'a pas été fait. C'est la priorité #1 ce matin.

🎯 <b>PRIORITÉS AUJOURD'HUI</b>
  1. 2 DMs outreach de qualité — ciblés, personnalisés, à fort levier.
  2. Bloc deep work 3h minimum — ferme les notifs, pas de réseaux avant 18h.
  3. Delivery Didier — avance sur la vidéo pre-call ou les stories cette semaine.

📞 <b>RELANCES AUJOURD'HUI</b>
  → Dayyan (non_qualifie_referral) — DM Wally Invest (@wallinvest?) — référal de Dayyan, potentiel SaaS CloseGuard
  → Léni Constantin (interested_follow_up) — Relance dans 2-3 semaines — attendre qu'il ait plus de clients avec son infopreneur

⚡ Streak No PMO : 0 — aujourd'hui ça recommence.

📋 <b>TÂCHES — ÉCHÉANCES PROCHES</b>
  → Faire la demande pour récupérer le permis de conduire — ⚠ En retard de 91 jour(s) !
  → Refaire un nouveau passeport — ⚠ En retard de 65 jour(s) !
  → Acheter un trépied pour Fares avant de quitter KL — ⚠ En retard de 61 jour(s) !
  → Tourner la vidéo de prospection (Airbnb, vue Petronas, le soir) — ⚠ En retard de 62 jour(s) !


😴 <b>Question sommeil :</b> À quelle heure t'es couché hier soir ?
(Réponds directement ici, ex: "2h30")

— JARVIS

--- Sending to Telegram ---
{"ok":true,"result":{"message_id":2936,"from":{"id":8997450587,"is_bot":true,"first_name":"Jarvis","username":"shayan_claude_bot"},"chat":{"id":5351269136,"first_name":"Drkflow","username":"drkfloww","type":"private"},"date":1788496206,"text":"\u26a1 JARVIS MORNING BRIEF \u2014 Vendredi 04 septembre\n\n\ud83d\udd34 Hier : 12.1/100 \u2014 FAIBLE\n  DMs 0/2 | Gym \u2713 | Fajr \u2717 | Deep work 0h | No PMO ?\n\n\ud83d\udea8 POINTS CRITIQUES\n  \ud83d\udcac 0 DMs hier \u2014 l'outreach n'a pas \u00e9t\u00e9 fait. C'est la priorit\u00e9 #1 ce matin.\n\n\ud83c\udfaf PRIORIT\u00c9S AUJOURD'HUI\n  1. 2 DMs outreach de qualit\u00e9 \u2014 cibl\u00e9s, personnalis\u00e9s, \u00e0 fort levier.\n  2. Bloc deep work 3h minimum \u2014 ferme les notifs, pas de r\u00e9seaux avant 18h.\n  3. Delivery Didier \u2014 avance sur la vid\u00e9o pre-call ou les stories cette semaine.\n\n\ud83d\udcde RELANCES AUJOURD'HUI\n  \u2192 Dayyan (non_qualifie_referral) \u2014 DM Wally Invest (@wallinvest?) \u2014 r\u00e9f\u00e9ral de Dayyan, potentiel SaaS CloseGuard\n  \u2192 L\u00e9ni Constantin (interested_follow_up) \u2014 Relance dans 2-3 semaines \u2014 attendre qu'il ait plus de clients avec son infopreneur\n\n\u26a1 Streak No PMO : 0 \u2014 aujourd'hui \u00e7a recommence.\n\n\ud83d\udccb T\u00c2CHES \u2014 \u00c9CH\u00c9ANCES PROCHES\n  \u2192 Faire la demande pour r\u00e9cup\u00e9rer le permis de conduire \u2014 \u26a0 En retard de 91 jour(s) !\n  \u2192 Refaire un nouveau passeport \u2014 \u26a0 En retard de 65 jour(s) !\n  \u2192 Acheter un tr\u00e9pied pour Fares avant de quitter KL \u2014 \u26a0 En retard de 61 jour(s) !\n  \u2192 Tourner la vid\u00e9o de prospection (Airbnb, vue Petronas, le soir) \u2014 \u26a0 En retard de 62 jour(s) !\n\n\n\ud83d\ude34 Question sommeil : \u00c0 quelle heure t'es couch\u00e9 hier soir ?\n(R\u00e9ponds directement ici, ex: \"2h30\")\n\n\u2014 JARVIS","entities":[{"offset":2,"length":44,"type":"bold"},{"offset":51,"length":24,"type":"bold"},{"offset":133,"length":16,"type":"bold"},{"offset":232,"length":21,"type":"bold"},{"offset":488,"length":20,"type":"bold"},{"offset":563,"length":11,"type":"mention"},{"offset":807,"length":26,"type":"bold"},{"offset":1172,"length":18,"type":"bold"}]}}
⚡ <b>JARVIS MORNING BRIEF — Samedi 05 septembre</b>

🔴 <b>Hier : 6.4/100 — FAIBLE</b>
  DMs 0/2 | Gym ✗ | Fajr ✗ | Deep work 0h | No PMO ?

🚨 <b>POINTS CRITIQUES</b>
  💬 0 DMs hier — l'outreach n'a pas été fait. C'est la priorité #1 ce matin.

🎯 <b>PRIORITÉS AUJOURD'HUI</b>
  1. 2 DMs outreach de qualité — ciblés, personnalisés, à fort levier.
  2. Bloc deep work 3h minimum — ferme les notifs, pas de réseaux avant 18h.
  3. Delivery Didier — avance sur la vidéo pre-call ou les stories cette semaine.

📞 <b>RELANCES AUJOURD'HUI</b>
  → Dayyan (non_qualifie_referral) — DM Wally Invest (@wallinvest?) — référal de Dayyan, potentiel SaaS CloseGuard
  → Léni Constantin (interested_follow_up) — Relance dans 2-3 semaines — attendre qu'il ait plus de clients avec son infopreneur

⚡ Streak No PMO : 0 — aujourd'hui ça recommence.

📋 <b>TÂCHES — ÉCHÉANCES PROCHES</b>
  → Faire la demande pour récupérer le permis de conduire — ⚠ En retard de 92 jour(s) !
  → Refaire un nouveau passeport — ⚠ En retard de 66 jour(s) !
  → Acheter un trépied pour Fares avant de quitter KL — ⚠ En retard de 62 jour(s) !
  → Tourner la vidéo de prospection (Airbnb, vue Petronas, le soir) — ⚠ En retard de 63 jour(s) !


😴 <b>Question sommeil :</b> À quelle heure t'es couché hier soir ?
(Réponds directement ici, ex: "2h30")

— JARVIS

--- Sending to Telegram ---
{"ok":true,"result":{"message_id":2963,"from":{"id":8997450587,"is_bot":true,"first_name":"Jarvis","username":"shayan_claude_bot"},"chat":{"id":5351269136,"first_name":"Drkflow","username":"drkfloww","type":"private"},"date":1788583081,"text":"\u26a1 JARVIS MORNING BRIEF \u2014 Samedi 05 septembre\n\n\ud83d\udd34 Hier : 6.4/100 \u2014 FAIBLE\n  DMs 0/2 | Gym \u2717 | Fajr \u2717 | Deep work 0h | No PMO ?\n\n\ud83d\udea8 POINTS CRITIQUES\n  \ud83d\udcac 0 DMs hier \u2014 l'outreach n'a pas \u00e9t\u00e9 fait. C'est la priorit\u00e9 #1 ce matin.\n\n\ud83c\udfaf PRIORIT\u00c9S AUJOURD'HUI\n  1. 2 DMs outreach de qualit\u00e9 \u2014 cibl\u00e9s, personnalis\u00e9s, \u00e0 fort levier.\n  2. Bloc deep work 3h minimum \u2014 ferme les notifs, pas de r\u00e9seaux avant 18h.\n  3. Delivery Didier \u2014 avance sur la vid\u00e9o pre-call ou les stories cette semaine.\n\n\ud83d\udcde RELANCES AUJOURD'HUI\n  \u2192 Dayyan (non_qualifie_referral) \u2014 DM Wally Invest (@wallinvest?) \u2014 r\u00e9f\u00e9ral de Dayyan, potentiel SaaS CloseGuard\n  \u2192 L\u00e9ni Constantin (interested_follow_up) \u2014 Relance dans 2-3 semaines \u2014 attendre qu'il ait plus de clients avec son infopreneur\n\n\u26a1 Streak No PMO : 0 \u2014 aujourd'hui \u00e7a recommence.\n\n\ud83d\udccb T\u00c2CHES \u2014 \u00c9CH\u00c9ANCES PROCHES\n  \u2192 Faire la demande pour r\u00e9cup\u00e9rer le permis de conduire \u2014 \u26a0 En retard de 92 jour(s) !\n  \u2192 Refaire un nouveau passeport \u2014 \u26a0 En retard de 66 jour(s) !\n  \u2192 Acheter un tr\u00e9pied pour Fares avant de quitter KL \u2014 \u26a0 En retard de 62 jour(s) !\n  \u2192 Tourner la vid\u00e9o de prospection (Airbnb, vue Petronas, le soir) \u2014 \u26a0 En retard de 63 jour(s) !\n\n\n\ud83d\ude34 Question sommeil : \u00c0 quelle heure t'es couch\u00e9 hier soir ?\n(R\u00e9ponds directement ici, ex: \"2h30\")\n\n\u2014 JARVIS","entities":[{"offset":2,"length":42,"type":"bold"},{"offset":49,"length":23,"type":"bold"},{"offset":130,"length":16,"type":"bold"},{"offset":229,"length":21,"type":"bold"},{"offset":485,"length":20,"type":"bold"},{"offset":560,"length":11,"type":"mention"},{"offset":804,"length":26,"type":"bold"},{"offset":1169,"length":18,"type":"bold"}]}}
⚡ <b>JARVIS MORNING BRIEF — Dimanche 06 septembre</b>

🔴 <b>Hier : 8.6/100 — FAIBLE</b>
  DMs 0/2 | Gym ✗ | Fajr ✗ | Deep work 0h | No PMO ?

🚨 <b>POINTS CRITIQUES</b>
  💬 0 DMs hier — l'outreach n'a pas été fait. C'est la priorité #1 ce matin.

🎯 <b>PRIORITÉS AUJOURD'HUI</b>
  1. 2 DMs outreach de qualité — ciblés, personnalisés, à fort levier.
  2. Bloc deep work 3h minimum — ferme les notifs, pas de réseaux avant 18h.
  3. Delivery Didier — avance sur la vidéo pre-call ou les stories cette semaine.

📞 <b>RELANCES AUJOURD'HUI</b>
  → Dayyan (non_qualifie_referral) — DM Wally Invest (@wallinvest?) — référal de Dayyan, potentiel SaaS CloseGuard
  → Léni Constantin (interested_follow_up) — Relance dans 2-3 semaines — attendre qu'il ait plus de clients avec son infopreneur

⚡ Streak No PMO : 0 — aujourd'hui ça recommence.

📋 <b>TÂCHES — ÉCHÉANCES PROCHES</b>
  → Faire la demande pour récupérer le permis de conduire — ⚠ En retard de 93 jour(s) !
  → Refaire un nouveau passeport — ⚠ En retard de 67 jour(s) !
  → Acheter un trépied pour Fares avant de quitter KL — ⚠ En retard de 63 jour(s) !
  → Tourner la vidéo de prospection (Airbnb, vue Petronas, le soir) — ⚠ En retard de 64 jour(s) !


😴 <b>Question sommeil :</b> À quelle heure t'es couché hier soir ?
(Réponds directement ici, ex: "2h30")

— JARVIS

--- Sending to Telegram ---
{"ok":true,"result":{"message_id":2969,"from":{"id":8997450587,"is_bot":true,"first_name":"Jarvis","username":"shayan_claude_bot"},"chat":{"id":5351269136,"first_name":"Drkflow","username":"drkfloww","type":"private"},"date":1788669008,"text":"\u26a1 JARVIS MORNING BRIEF \u2014 Dimanche 06 septembre\n\n\ud83d\udd34 Hier : 8.6/100 \u2014 FAIBLE\n  DMs 0/2 | Gym \u2717 | Fajr \u2717 | Deep work 0h | No PMO ?\n\n\ud83d\udea8 POINTS CRITIQUES\n  \ud83d\udcac 0 DMs hier \u2014 l'outreach n'a pas \u00e9t\u00e9 fait. C'est la priorit\u00e9 #1 ce matin.\n\n\ud83c\udfaf PRIORIT\u00c9S AUJOURD'HUI\n  1. 2 DMs outreach de qualit\u00e9 \u2014 cibl\u00e9s, personnalis\u00e9s, \u00e0 fort levier.\n  2. Bloc deep work 3h minimum \u2014 ferme les notifs, pas de r\u00e9seaux avant 18h.\n  3. Delivery Didier \u2014 avance sur la vid\u00e9o pre-call ou les stories cette semaine.\n\n\ud83d\udcde RELANCES AUJOURD'HUI\n  \u2192 Dayyan (non_qualifie_referral) \u2014 DM Wally Invest (@wallinvest?) \u2014 r\u00e9f\u00e9ral de Dayyan, potentiel SaaS CloseGuard\n  \u2192 L\u00e9ni Constantin (interested_follow_up) \u2014 Relance dans 2-3 semaines \u2014 attendre qu'il ait plus de clients avec son infopreneur\n\n\u26a1 Streak No PMO : 0 \u2014 aujourd'hui \u00e7a recommence.\n\n\ud83d\udccb T\u00c2CHES \u2014 \u00c9CH\u00c9ANCES PROCHES\n  \u2192 Faire la demande pour r\u00e9cup\u00e9rer le permis de conduire \u2014 \u26a0 En retard de 93 jour(s) !\n  \u2192 Refaire un nouveau passeport \u2014 \u26a0 En retard de 67 jour(s) !\n  \u2192 Acheter un tr\u00e9pied pour Fares avant de quitter KL \u2014 \u26a0 En retard de 63 jour(s) !\n  \u2192 Tourner la vid\u00e9o de prospection (Airbnb, vue Petronas, le soir) \u2014 \u26a0 En retard de 64 jour(s) !\n\n\n\ud83d\ude34 Question sommeil : \u00c0 quelle heure t'es couch\u00e9 hier soir ?\n(R\u00e9ponds directement ici, ex: \"2h30\")\n\n\u2014 JARVIS","entities":[{"offset":2,"length":44,"type":"bold"},{"offset":51,"length":23,"type":"bold"},{"offset":132,"length":16,"type":"bold"},{"offset":231,"length":21,"type":"bold"},{"offset":487,"length":20,"type":"bold"},{"offset":562,"length":11,"type":"mention"},{"offset":806,"length":26,"type":"bold"},{"offset":1171,"length":18,"type":"bold"}]}}
⚡ <b>JARVIS MORNING BRIEF — Lundi 07 septembre</b>

🔴 <b>Hier : 7.3/100 — FAIBLE</b>
  DMs 0/2 | Gym ✗ | Fajr ✗ | Deep work 0h | No PMO ?

🚨 <b>POINTS CRITIQUES</b>
  💬 0 DMs hier — l'outreach n'a pas été fait. C'est la priorité #1 ce matin.

🎯 <b>PRIORITÉS AUJOURD'HUI</b>
  1. 2 DMs outreach de qualité — ciblés, personnalisés, à fort levier.
  2. Bloc deep work 3h minimum — ferme les notifs, pas de réseaux avant 18h.
  3. Delivery Didier — avance sur la vidéo pre-call ou les stories cette semaine.

📞 <b>RELANCES AUJOURD'HUI</b>
  → Dayyan (non_qualifie_referral) — DM Wally Invest (@wallinvest?) — référal de Dayyan, potentiel SaaS CloseGuard
  → Léni Constantin (interested_follow_up) — Relance dans 2-3 semaines — attendre qu'il ait plus de clients avec son infopreneur

⚡ Streak No PMO : 0 — aujourd'hui ça recommence.

📋 <b>TÂCHES — ÉCHÉANCES PROCHES</b>
  → Faire la demande pour récupérer le permis de conduire — ⚠ En retard de 94 jour(s) !
  → Refaire un nouveau passeport — ⚠ En retard de 68 jour(s) !
  → Acheter un trépied pour Fares avant de quitter KL — ⚠ En retard de 64 jour(s) !
  → Tourner la vidéo de prospection (Airbnb, vue Petronas, le soir) — ⚠ En retard de 65 jour(s) !


😴 <b>Question sommeil :</b> À quelle heure t'es couché hier soir ?
(Réponds directement ici, ex: "2h30")

— JARVIS

--- Sending to Telegram ---
{"ok":true,"result":{"message_id":2972,"from":{"id":8997450587,"is_bot":true,"first_name":"Jarvis","username":"shayan_claude_bot"},"chat":{"id":5351269136,"first_name":"Drkflow","username":"drkfloww","type":"private"},"date":1788755407,"text":"\u26a1 JARVIS MORNING BRIEF \u2014 Lundi 07 septembre\n\n\ud83d\udd34 Hier : 7.3/100 \u2014 FAIBLE\n  DMs 0/2 | Gym \u2717 | Fajr \u2717 | Deep work 0h | No PMO ?\n\n\ud83d\udea8 POINTS CRITIQUES\n  \ud83d\udcac 0 DMs hier \u2014 l'outreach n'a pas \u00e9t\u00e9 fait. C'est la priorit\u00e9 #1 ce matin.\n\n\ud83c\udfaf PRIORIT\u00c9S AUJOURD'HUI\n  1. 2 DMs outreach de qualit\u00e9 \u2014 cibl\u00e9s, personnalis\u00e9s, \u00e0 fort levier.\n  2. Bloc deep work 3h minimum \u2014 ferme les notifs, pas de r\u00e9seaux avant 18h.\n  3. Delivery Didier \u2014 avance sur la vid\u00e9o pre-call ou les stories cette semaine.\n\n\ud83d\udcde RELANCES AUJOURD'HUI\n  \u2192 Dayyan (non_qualifie_referral) \u2014 DM Wally Invest (@wallinvest?) \u2014 r\u00e9f\u00e9ral de Dayyan, potentiel SaaS CloseGuard\n  \u2192 L\u00e9ni Constantin (interested_follow_up) \u2014 Relance dans 2-3 semaines \u2014 attendre qu'il ait plus de clients avec son infopreneur\n\n\u26a1 Streak No PMO : 0 \u2014 aujourd'hui \u00e7a recommence.\n\n\ud83d\udccb T\u00c2CHES \u2014 \u00c9CH\u00c9ANCES PROCHES\n  \u2192 Faire la demande pour r\u00e9cup\u00e9rer le permis de conduire \u2014 \u26a0 En retard de 94 jour(s) !\n  \u2192 Refaire un nouveau passeport \u2014 \u26a0 En retard de 68 jour(s) !\n  \u2192 Acheter un tr\u00e9pied pour Fares avant de quitter KL \u2014 \u26a0 En retard de 64 jour(s) !\n  \u2192 Tourner la vid\u00e9o de prospection (Airbnb, vue Petronas, le soir) \u2014 \u26a0 En retard de 65 jour(s) !\n\n\n\ud83d\ude34 Question sommeil : \u00c0 quelle heure t'es couch\u00e9 hier soir ?\n(R\u00e9ponds directement ici, ex: \"2h30\")\n\n\u2014 JARVIS","entities":[{"offset":2,"length":41,"type":"bold"},{"offset":48,"length":23,"type":"bold"},{"offset":129,"length":16,"type":"bold"},{"offset":228,"length":21,"type":"bold"},{"offset":484,"length":20,"type":"bold"},{"offset":559,"length":11,"type":"mention"},{"offset":803,"length":26,"type":"bold"},{"offset":1168,"length":18,"type":"bold"}]}}
